survived,pclass,sex,age,sibsp,parch,fare,embarked,family_size,is_alone,age_group,fare_category,title,survival_priority,fare_per_person
0,3,male,22.0,1,0,7.25,S,2,0,Dewasa_Muda,Murah,Mr,Rendah,3.625
1,1,female,38.0,1,0,71.2833,C,2,0,Dewasa,Sangat_Mahal,Mrs,Tinggi,35.64165
1,3,female,26.0,0,0,7.925,S,1,1,Dewasa_Muda,Menengah,Miss,Sedang,7.925
1,1,female,35.0,1,0,53.1,S,2,0,Dewasa_Muda,Sangat_Mahal,Mrs,Tinggi,26.55
0,3,male,35.0,0,0,8.05,S,1,1,Dewasa_Muda,Menengah,Mr,Rendah,8.05
0,3,male,28.0,0,0,8.4583,Q,1,1,Dewasa_Muda,Menengah,Mr,Rendah,8.4583
0,1,male,54.0,0,0,51.8625,S,1,1,Dewasa,Sangat_Mahal,Mr,Rendah,51.8625
0,3,male,2.0,3,1,21.075,S,5,0,Anak,Mahal,Master,Sedang,4.215
1,3,female,27.0,0,2,11.1333,S,3,0,Dewasa_Muda,Menengah,Mrs,Sedang,3.7111
1,2,female,14.0,1,0,30.0708,C,2,0,Remaja,Mahal,Mrs,Sedang,15.0354
1,3,female,4.0,1,1,16.7,S,3,0,Anak,Mahal,Miss,Tinggi,5.566666666666666
1,1,female,58.0,0,0,26.55,S,1,1,Dewasa,Mahal,Miss,Tinggi,26.55
0,3,male,20.0,0,0,8.05,S,1,1,Dewasa_Muda,Menengah,Mr,Rendah,8.05
0,3,male,39.0,1,5,31.275,S,7,0,Dewasa,Sangat_Mahal,Mr,Rendah,4.4678571428571425
0,3,female,14.0,0,0,7.8542,S,1,1,Remaja,Murah,Miss,Sedang,7.8542
1,2,female,55.0,0,0,16.0,S,1,1,Dewasa,Mahal,Mrs,Sedang,16.0
0,3,male,2.0,4,1,29.125,Q,6,0,Anak,Mahal,Master,Sedang,4.854166666666667
1,2,male,28.0,0,0,13.0,S,1,1,Dewasa_Muda,Menengah,Mr,Rendah,13.0
0,3,female,31.0,1,0,18.0,S,2,0,Dewasa_Muda,Mahal,Mrs,Sedang,9.0
1,3,female,28.0,0,0,7.225,C,1,1,Dewasa_Muda,Murah,Mrs,Sedang,7.225
0,2,male,35.0,0,0,26.0,S,1,1,Dewasa_Muda,Mahal,Mr,Rendah,26.0
1,2,male,34.0,0,0,13.0,S,1,1,Dewasa_Muda,Menengah,Mr,Rendah,13.0
1,3,female,15.0,0,0,8.0292,Q,1,1,Remaja,Menengah,Miss,Sedang,8.0292
1,1,male,28.0,0,0,35.5,S,1,1,Dewasa_Muda,Sangat_Mahal,Mr,Rendah,35.5
0,3,female,8.0,3,1,21.075,S,5,0,Anak,Mahal,Miss,Tinggi,4.215
1,3,female,38.0,1,5,31.3875,S,7,0,Dewasa,Sangat_Mahal,Mrs,Sedang,4.483928571428572
0,3,male,28.0,0,0,7.225,C,1,1,Dewasa_Muda,Murah,Mr,Rendah,7.225
0,1,male,19.0,3,2,263.0,S,6,0,Dewasa_Muda,Sangat_Mahal,Mr,Rendah,43.833333333333336
1,3,female,28.0,0,0,7.8792,Q,1,1,Dewasa_Muda,Murah,Miss,Sedang,7.8792
0,3,male,28.0,0,0,7.8958,S,1,1,Dewasa_Muda,Murah,Mr,Rendah,7.8958
0,1,male,40.0,0,0,27.7208,C,1,1,Dewasa,Mahal,Lainnya,Rendah,27.7208
1,1,female,28.0,1,0,146.5208,C,2,0,Dewasa_Muda,Sangat_Mahal,Mrs,Tinggi,73.2604
1,3,female,28.0,0,0,7.75,Q,1,1,Dewasa_Muda,Murah,Miss,Sedang,7.75
0,2,male,66.0,0,0,10.5,S,1,1,Lansia,Menengah,Mr,Rendah,10.5
0,1,male,28.0,1,0,82.1708,C,2,0,Dewasa_Muda,Sangat_Mahal,Mr,Rendah,41.0854
0,1,male,42.0,1,0,52.0,S,2,0,Dewasa,Sangat_Mahal,Mr,Rendah,26.0
1,3,male,28.0,0,0,7.2292,C,1,1,Dewasa_Muda,Murah,Mr,Rendah,7.2292
0,3,male,21.0,0,0,8.05,S,1,1,Dewasa_Muda,Menengah,Mr,Rendah,8.05
0,3,female,18.0,2,0,18.0,S,3,0,Remaja,Mahal,Miss,Sedang,6.0
1,3,female,14.0,1,0,11.2417,C,2,0,Remaja,Menengah,Miss,Sedang,5.62085
0,3,female,40.0,1,0,9.475,S,2,0,Dewasa,Menengah,Mrs,Sedang,4.7375
0,2,female,27.0,1,0,21.0,S,2,0,Dewasa_Muda,Mahal,Mrs,Sedang,10.5
0,3,male,28.0,0,0,7.8958,C,1,1,Dewasa_Muda,Murah,Mr,Rendah,7.8958
1,2,female,3.0,1,2,41.5792,C,4,0,Anak,Sangat_Mahal,Miss,Tinggi,10.3948
1,3,female,19.0,0,0,7.8792,Q,1,1,Dewasa_Muda,Murah,Miss,Sedang,7.8792
0,3,male,28.0,0,0,8.05,S,1,1,Dewasa_Muda,Menengah,Mr,Rendah,8.05
0,3,male,28.0,1,0,15.5,Q,2,0,Dewasa_Muda,Mahal,Mr,Rendah,7.75
1,3,female,28.0,0,0,7.75,Q,1,1,Dewasa_Muda,Murah,Miss,Sedang,7.75
0,3,male,28.0,2,0,21.6792,C,3,0,Dewasa_Muda,Mahal,Mr,Rendah,7.226400000000001
0,3,female,18.0,1,0,17.8,S,2,0,Remaja,Mahal,Mrs,Sedang,8.9
0,3,male,7.0,4,1,39.6875,S,6,0,Anak,Sangat_Mahal,Master,Sedang,6.614583333333333
0,3,male,21.0,0,0,7.8,S,1,1,Dewasa_Muda,Murah,Mr,Rendah,7.8
1,1,female,49.0,1,0,76.7292,C,2,0,Dewasa,Sangat_Mahal,Mrs,Tinggi,38.3646
1,2,female,29.0,1,0,26.0,S,2,0,Dewasa_Muda,Mahal,Mrs,Sedang,13.0
0,1,male,65.0,0,1,61.9792,C,2,0,Lansia,Sangat_Mahal,Mr,Rendah,30.9896
1,1,male,28.0,0,0,35.5,S,1,1,Dewasa_Muda,Sangat_Mahal,Mr,Rendah,35.5
1,2,female,21.0,0,0,10.5,S,1,1,Dewasa_Muda,Menengah,Miss,Sedang,10.5
0,3,male,28.5,0,0,7.2292,C,1,1,Dewasa_Muda,Murah,Mr,Rendah,7.2292
1,2,female,5.0,1,2,27.75,S,4,0,Anak,Mahal,Miss,Tinggi,6.9375
0,3,male,11.0,5,2,46.9,S,8,0,Anak,Sangat_Mahal,Master,Sedang,5.8625
0,3,male,22.0,0,0,7.2292,C,1,1,Dewasa_Muda,Murah,Mr,Rendah,7.2292
1,1,female,38.0,0,0,80.0,S,1,1,Dewasa,Sangat_Mahal,Miss,Tinggi,80.0
0,1,male,45.0,1,0,83.475,S,2,0,Dewasa,Sangat_Mahal,Mr,Rendah,41.7375
0,3,male,4.0,3,2,27.9,S,6,0,Anak,Mahal,Master,Sedang,4.6499999999999995
0,1,male,28.0,0,0,27.7208,C,1,1,Dewasa_Muda,Mahal,Mr,Rendah,27.7208
1,3,male,28.0,1,1,15.2458,C,3,0,Dewasa_Muda,Mahal,Master,Rendah,5.081933333333333
1,2,female,29.0,0,0,10.5,S,1,1,Dewasa_Muda,Menengah,Mrs,Sedang,10.5
0,3,male,19.0,0,0,8.1583,S,1,1,Dewasa_Muda,Menengah,Mr,Rendah,8.1583
1,3,female,17.0,4,2,7.925,S,7,0,Remaja,Menengah,Miss,Sedang,1.1321428571428571
0,3,male,26.0,2,0,8.6625,S,3,0,Dewasa_Muda,Menengah,Mr,Rendah,2.8874999999999997
0,2,male,32.0,0,0,10.5,S,1,1,Dewasa_Muda,Menengah,Mr,Rendah,10.5
0,3,female,16.0,5,2,46.9,S,8,0,Remaja,Sangat_Mahal,Miss,Sedang,5.8625
0,2,male,21.0,0,0,73.5,S,1,1,Dewasa_Muda,Sangat_Mahal,Mr,Rendah,73.5
0,3,male,26.0,1,0,14.4542,C,2,0,Dewasa_Muda,Mahal,Mr,Rendah,7.2271
1,3,male,32.0,0,0,56.4958,S,1,1,Dewasa_Muda,Sangat_Mahal,Mr,Rendah,56.4958
0,3,male,25.0,0,0,7.65,S,1,1,Dewasa_Muda,Murah,Mr,Rendah,7.65
0,3,male,28.0,0,0,7.8958,S,1,1,Dewasa_Muda,Murah,Mr,Rendah,7.8958
0,3,male,28.0,0,0,8.05,S,1,1,Dewasa_Muda,Menengah,Mr,Rendah,8.05
1,2,male,0.83,0,2,29.0,S,3,0,Anak,Mahal,Master,Sedang,9.666666666666666
1,3,female,30.0,0,0,12.475,S,1,1,Dewasa_Muda,Menengah,Miss,Sedang,12.475
0,3,male,22.0,0,0,9.0,S,1,1,Dewasa_Muda,Menengah,Mr,Rendah,9.0
1,3,male,29.0,0,0,9.5,S,1,1,Dewasa_Muda,Menengah,Mr,Rendah,9.5
1,3,female,28.0,0,0,7.7875,Q,1,1,Dewasa_Muda,Murah,Miss,Sedang,7.7875
0,1,male,28.0,0,0,47.1,S,1,1,Dewasa_Muda,Sangat_Mahal,Mr,Rendah,47.1
1,2,female,17.0,0,0,10.5,S,1,1,Remaja,Menengah,Miss,Sedang,10.5
1,3,female,33.0,3,0,15.85,S,4,0,Dewasa_Muda,Mahal,Mrs,Sedang,3.9625
0,3,male,16.0,1,3,34.375,S,5,0,Remaja,Sangat_Mahal,Mr,Rendah,6.875
0,3,male,28.0,0,0,8.05,S,1,1,Dewasa_Muda,Menengah,Mr,Rendah,8.05
1,1,female,23.0,3,2,263.0,S,6,0,Dewasa_Muda,Sangat_Mahal,Miss,Tinggi,43.833333333333336
0,3,male,24.0,0,0,8.05,S,1,1,Dewasa_Muda,Menengah,Mr,Rendah,8.05
0,3,male,29.0,0,0,8.05,S,1,1,Dewasa_Muda,Menengah,Mr,Rendah,8.05
0,3,male,20.0,0,0,7.8542,S,1,1,Dewasa_Muda,Murah,Mr,Rendah,7.8542
0,1,male,46.0,1,0,61.175,S,2,0,Dewasa,Sangat_Mahal,Mr,Rendah,30.5875
0,3,male,26.0,1,2,20.575,S,4,0,Dewasa_Muda,Mahal,Mr,Rendah,5.14375
0,3,male,59.0,0,0,7.25,S,1,1,Dewasa,Murah,Mr,Rendah,7.25
0,3,male,28.0,0,0,8.05,S,1,1,Dewasa_Muda,Menengah,Mr,Rendah,8.05
0,1,male,71.0,0,0,34.6542,C,1,1,Lansia,Sangat_Mahal,Mr,Rendah,34.6542
1,1,male,23.0,0,1,63.3583,C,2,0,Dewasa_Muda,Sangat_Mahal,Mr,Rendah,31.67915
1,2,female,34.0,0,1,23.0,S,2,0,Dewasa_Muda,Mahal,Mrs,Sedang,11.5
0,2,male,34.0,1,0,26.0,S,2,0,Dewasa_Muda,Mahal,Mr,Rendah,13.0
0,3,female,28.0,0,0,7.8958,S,1,1,Dewasa_Muda,Murah,Miss,Sedang,7.8958
0,3,male,28.0,0,0,7.8958,S,1,1,Dewasa_Muda,Murah,Mr,Rendah,7.8958
0,1,male,21.0,0,1,77.2875,S,2,0,Dewasa_Muda,Sangat_Mahal,Mr,Rendah,38.64375
0,3,male,33.0,0,0,8.6542,S,1,1,Dewasa_Muda,Menengah,Mr,Rendah,8.6542
0,3,male,37.0,2,0,7.925,S,3,0,Dewasa,Menengah,Mr,Rendah,2.6416666666666666
0,3,male,28.0,0,0,7.8958,S,1,1,Dewasa_Muda,Murah,Mr,Rendah,7.8958
1,3,female,21.0,0,0,7.65,S,1,1,Dewasa_Muda,Murah,Miss,Sedang,7.65
1,3,male,28.0,0,0,7.775,S,1,1,Dewasa_Muda,Murah,Mr,Rendah,7.775
0,3,male,38.0,0,0,7.8958,S,1,1,Dewasa,Murah,Mr,Rendah,7.8958
1,3,female,28.0,1,0,24.15,Q,2,0,Dewasa_Muda,Mahal,Miss,Sedang,12.075
0,1,male,47.0,0,0,52.0,S,1,1,Dewasa,Sangat_Mahal,Mr,Rendah,52.0
0,3,female,14.5,1,0,14.4542,C,2,0,Remaja,Mahal,Miss,Sedang,7.2271
0,3,male,22.0,0,0,8.05,S,1,1,Dewasa_Muda,Menengah,Mr,Rendah,8.05
0,3,female,20.0,1,0,9.825,S,2,0,Dewasa_Muda,Menengah,Miss,Sedang,4.9125
0,3,female,17.0,0,0,14.4583,C,1,1,Remaja,Mahal,Miss,Sedang,14.4583
0,3,male,21.0,0,0,7.925,S,1,1,Dewasa_Muda,Menengah,Mr,Rendah,7.925
0,3,male,70.5,0,0,7.75,Q,1,1,Lansia,Murah,Mr,Rendah,7.75
0,2,male,29.0,1,0,21.0,S,2,0,Dewasa_Muda,Mahal,Mr,Rendah,10.5
0,1,male,24.0,0,1,247.5208,C,2,0,Dewasa_Muda,Sangat_Mahal,Mr,Rendah,123.7604
0,3,female,2.0,4,2,31.275,S,7,0,Anak,Sangat_Mahal,Miss,Tinggi,4.4678571428571425
0,2,male,21.0,2,0,73.5,S,3,0,Dewasa_Muda,Sangat_Mahal,Mr,Rendah,24.5
0,3,male,28.0,0,0,8.05,S,1,1,Dewasa_Muda,Menengah,Mr,Rendah,8.05
0,2,male,32.5,1,0,30.0708,C,2,0,Dewasa_Muda,Mahal,Mr,Rendah,15.0354
1,2,female,32.5,0,0,13.0,S,1,1,Dewasa_Muda,Menengah,Miss,Sedang,13.0
0,1,male,54.0,0,1,77.2875,S,2,0,Dewasa,Sangat_Mahal,Mr,Rendah,38.64375
1,3,male,12.0,1,0,11.2417,C,2,0,Anak,Menengah,Master,Sedang,5.62085
0,3,male,28.0,0,0,7.75,Q,1,1,Dewasa_Muda,Murah,Mr,Rendah,7.75
1,3,male,24.0,0,0,7.1417,S,1,1,Dewasa_Muda,Murah,Mr,Rendah,7.1417
1,3,female,28.0,1,1,22.3583,C,3,0,Dewasa_Muda,Mahal,Miss,Sedang,7.452766666666666
0,3,male,45.0,0,0,6.975,S,1,1,Dewasa,Murah,Mr,Rendah,6.975
0,3,male,33.0,0,0,7.8958,C,1,1,Dewasa_Muda,Murah,Mr,Rendah,7.8958
0,3,male,20.0,0,0,7.05,S,1,1,Dewasa_Muda,Murah,Mr,Rendah,7.05
0,3,female,47.0,1,0,14.5,S,2,0,Dewasa,Mahal,Mrs,Sedang,7.25
1,2,female,29.0,1,0,26.0,S,2,0,Dewasa_Muda,Mahal,Mrs,Sedang,13.0
0,2,male,25.0,0,0,13.0,S,1,1,Dewasa_Muda,Menengah,Mr,Rendah,13.0
0,2,male,23.0,0,0,15.0458,C,1,1,Dewasa_Muda,Mahal,Mr,Rendah,15.0458
1,1,female,19.0,0,2,26.2833,S,3,0,Dewasa_Muda,Mahal,Miss,Tinggi,8.7611
0,1,male,37.0,1,0,53.1,S,2,0,Dewasa,Sangat_Mahal,Mr,Rendah,26.55
0,3,male,16.0,0,0,9.2167,S,1,1,Remaja,Menengah,Mr,Rendah,9.2167
0,1,male,24.0,0,0,79.2,C,1,1,Dewasa_Muda,Sangat_Mahal,Mr,Rendah,79.2
0,3,female,28.0,0,2,15.2458,C,3,0,Dewasa_Muda,Mahal,Mrs,Sedang,5.081933333333333
1,3,female,22.0,0,0,7.75,S,1,1,Dewasa_Muda,Murah,Miss,Sedang,7.75
1,3,female,24.0,1,0,15.85,S,2,0,Dewasa_Muda,Mahal,Mrs,Sedang,7.925
0,3,male,19.0,0,0,6.75,Q,1,1,Dewasa_Muda,Murah,Mr,Rendah,6.75
0,2,male,18.0,0,0,11.5,S,1,1,Remaja,Menengah,Mr,Rendah,11.5
0,2,male,19.0,1,1,36.75,S,3,0,Dewasa_Muda,Sangat_Mahal,Mr,Rendah,12.25
1,3,male,27.0,0,0,7.7958,S,1,1,Dewasa_Muda,Murah,Mr,Rendah,7.7958
0,3,female,9.0,2,2,34.375,S,5,0,Anak,Sangat_Mahal,Miss,Tinggi,6.875
0,2,male,36.5,0,2,26.0,S,3,0,Dewasa,Mahal,Mr,Rendah,8.666666666666666
0,2,male,42.0,0,0,13.0,S,1,1,Dewasa,Menengah,Lainnya,Rendah,13.0
0,2,male,51.0,0,0,12.525,S,1,1,Dewasa,Menengah,Lainnya,Rendah,12.525
1,1,female,22.0,1,0,66.6,S,2,0,Dewasa_Muda,Sangat_Mahal,Mrs,Tinggi,33.3
0,3,male,55.5,0,0,8.05,S,1,1,Dewasa,Menengah,Mr,Rendah,8.05
0,3,male,40.5,0,2,14.5,S,3,0,Dewasa,Mahal,Mr,Rendah,4.833333333333333
0,3,male,28.0,0,0,7.3125,S,1,1,Dewasa_Muda,Murah,Mr,Rendah,7.3125
0,1,male,51.0,0,1,61.3792,C,2,0,Dewasa,Sangat_Mahal,Mr,Rendah,30.6896
1,3,female,16.0,0,0,7.7333,Q,1,1,Remaja,Murah,Miss,Sedang,7.7333
0,3,male,30.0,0,0,8.05,S,1,1,Dewasa_Muda,Menengah,Mr,Rendah,8.05
0,3,male,28.0,0,0,8.6625,S,1,1,Dewasa_Muda,Menengah,Mr,Rendah,8.6625
0,3,male,28.0,8,2,69.55,S,11,0,Dewasa_Muda,Sangat_Mahal,Master,Rendah,6.322727272727272
0,3,male,44.0,0,1,16.1,S,2,0,Dewasa,Mahal,Mr,Rendah,8.05
1,2,female,40.0,0,0,15.75,S,1,1,Dewasa,Mahal,Mrs,Sedang,15.75
0,3,male,26.0,0,0,7.775,S,1,1,Dewasa_Muda,Murah,Mr,Rendah,7.775
0,3,male,17.0,0,0,8.6625,S,1,1,Remaja,Menengah,Mr,Rendah,8.6625
0,3,male,1.0,4,1,39.6875,S,6,0,Anak,Sangat_Mahal,Master,Sedang,6.614583333333333
1,3,male,9.0,0,2,20.525,S,3,0,Anak,Mahal,Master,Sedang,6.841666666666666
1,1,female,28.0,0,1,55.0,S,2,0,Dewasa_Muda,Sangat_Mahal,Mrs,Tinggi,27.5
0,3,female,45.0,1,4,27.9,S,6,0,Dewasa,Mahal,Mrs,Sedang,4.6499999999999995
0,1,male,28.0,0,0,25.925,S,1,1,Dewasa_Muda,Mahal,Mr,Rendah,25.925
0,3,male,28.0,0,0,56.4958,S,1,1,Dewasa_Muda,Sangat_Mahal,Mr,Rendah,56.4958
0,1,male,61.0,0,0,33.5,S,1,1,Lansia,Sangat_Mahal,Mr,Rendah,33.5
0,3,male,4.0,4,1,29.125,Q,6,0,Anak,Mahal,Master,Sedang,4.854166666666667
1,3,female,1.0,1,1,11.1333,S,3,0,Anak,Menengah,Miss,Tinggi,3.7111
0,3,male,21.0,0,0,7.925,S,1,1,Dewasa_Muda,Menengah,Mr,Rendah,7.925
0,1,male,56.0,0,0,30.6958,C,1,1,Dewasa,Mahal,Mr,Rendah,30.6958
0,3,male,18.0,1,1,7.8542,S,3,0,Remaja,Murah,Mr,Rendah,2.6180666666666665
0,3,male,28.0,3,1,25.4667,S,5,0,Dewasa_Muda,Mahal,Master,Rendah,5.0933399999999995
0,1,female,50.0,0,0,28.7125,C,1,1,Dewasa,Mahal,Miss,Tinggi,28.7125
0,2,male,30.0,0,0,13.0,S,1,1,Dewasa_Muda,Menengah,Mr,Rendah,13.0
0,3,male,36.0,0,0,0.0,S,1,1,Dewasa,Murah,Mr,Rendah,0.0
0,3,female,28.0,8,2,69.55,S,11,0,Dewasa_Muda,Sangat_Mahal,Miss,Sedang,6.322727272727272
0,2,male,28.0,0,0,15.05,C,1,1,Dewasa_Muda,Mahal,Mr,Rendah,15.05
0,3,male,9.0,4,2,31.3875,S,7,0,Anak,Sangat_Mahal,Master,Sedang,4.483928571428572
1,2,male,1.0,2,1,39.0,S,4,0,Anak,Sangat_Mahal,Master,Sedang,9.75
1,3,female,4.0,0,2,22.025,S,3,0,Anak,Mahal,Miss,Tinggi,7.341666666666666
0,1,male,28.0,0,0,50.0,S,1,1,Dewasa_Muda,Sangat_Mahal,Mr,Rendah,50.0
1,3,female,28.0,1,0,15.5,Q,2,0,Dewasa_Muda,Mahal,Mrs,Sedang,7.75
1,1,male,45.0,0,0,26.55,S,1,1,Dewasa,Mahal,Mr,Rendah,26.55
0,3,male,40.0,1,1,15.5,Q,3,0,Dewasa,Mahal,Mr,Rendah,5.166666666666667
0,3,male,36.0,0,0,7.8958,S,1,1,Dewasa,Murah,Mr,Rendah,7.8958
1,2,female,32.0,0,0,13.0,S,1,1,Dewasa_Muda,Menengah,Mrs,Sedang,13.0
0,2,male,19.0,0,0,13.0,S,1,1,Dewasa_Muda,Menengah,Mr,Rendah,13.0
1,3,female,19.0,1,0,7.8542,S,2,0,Dewasa_Muda,Murah,Miss,Sedang,3.9271
1,2,male,3.0,1,1,26.0,S,3,0,Anak,Mahal,Master,Sedang,8.666666666666666
1,1,female,44.0,0,0,27.7208,C,1,1,Dewasa,Mahal,Mrs,Tinggi,27.7208
1,1,female,58.0,0,0,146.5208,C,1,1,Dewasa,Sangat_Mahal,Miss,Tinggi,146.5208
0,3,male,28.0,0,0,7.75,Q,1,1,Dewasa_Muda,Murah,Mr,Rendah,7.75
0,3,male,42.0,0,1,8.4042,S,2,0,Dewasa,Menengah,Mr,Rendah,4.2021
1,3,female,28.0,0,0,7.75,Q,1,1,Dewasa_Muda,Murah,Miss,Sedang,7.75
0,2,female,24.0,0,0,13.0,S,1,1,Dewasa_Muda,Menengah,Miss,Sedang,13.0
0,3,male,28.0,0,0,9.5,S,1,1,Dewasa_Muda,Menengah,Mr,Rendah,9.5
0,3,male,28.0,8,2,69.55,S,11,0,Dewasa_Muda,Sangat_Mahal,Mr,Rendah,6.322727272727272
0,3,male,34.0,0,0,6.4958,S,1,1,Dewasa_Muda,Murah,Mr,Rendah,6.4958
0,3,male,45.5,0,0,7.225,C,1,1,Dewasa,Murah,Mr,Rendah,7.225
1,3,male,18.0,0,0,8.05,S,1,1,Remaja,Menengah,Mr,Rendah,8.05
0,3,female,2.0,0,1,10.4625,S,2,0,Anak,Menengah,Miss,Tinggi,5.23125
0,3,male,32.0,1,0,15.85,S,2,0,Dewasa_Muda,Mahal,Mr,Rendah,7.925
1,3,male,26.0,0,0,18.7875,C,1,1,Dewasa_Muda,Mahal,Mr,Rendah,18.7875
1,3,female,16.0,0,0,7.75,Q,1,1,Remaja,Murah,Miss,Sedang,7.75
1,1,male,40.0,0,0,31.0,C,1,1,Dewasa,Mahal,Mr,Rendah,31.0
0,3,male,24.0,0,0,7.05,S,1,1,Dewasa_Muda,Murah,Mr,Rendah,7.05
1,2,female,35.0,0,0,21.0,S,1,1,Dewasa_Muda,Mahal,Miss,Sedang,21.0
0,3,male,22.0,0,0,7.25,S,1,1,Dewasa_Muda,Murah,Mr,Rendah,7.25
0,2,male,30.0,0,0,13.0,S,1,1,Dewasa_Muda,Menengah,Mr,Rendah,13.0
0,3,male,28.0,1,0,7.75,Q,2,0,Dewasa_Muda,Murah,Mr,Rendah,3.875
1,1,female,31.0,1,0,113.275,C,2,0,Dewasa_Muda,Sangat_Mahal,Miss,Tinggi,56.6375
1,3,female,27.0,0,0,7.925,S,1,1,Dewasa_Muda,Menengah,Miss,Sedang,7.925
0,2,male,42.0,1,0,27.0,S,2,0,Dewasa,Mahal,Mr,Rendah,13.5
1,1,female,32.0,0,0,76.2917,C,1,1,Dewasa_Muda,Sangat_Mahal,Miss,Tinggi,76.2917
0,2,male,30.0,0,0,10.5,S,1,1,Dewasa_Muda,Menengah,Mr,Rendah,10.5
1,3,male,16.0,0,0,8.05,S,1,1,Remaja,Menengah,Mr,Rendah,8.05
0,2,male,27.0,0,0,13.0,S,1,1,Dewasa_Muda,Menengah,Mr,Rendah,13.0
0,3,male,51.0,0,0,8.05,S,1,1,Dewasa,Menengah,Mr,Rendah,8.05
0,3,male,28.0,0,0,7.8958,S,1,1,Dewasa_Muda,Murah,Mr,Rendah,7.8958
1,1,male,38.0,1,0,90.0,S,2,0,Dewasa,Sangat_Mahal,Mr,Rendah,45.0
0,3,male,22.0,0,0,9.35,S,1,1,Dewasa_Muda,Menengah,Mr,Rendah,9.35
1,2,male,19.0,0,0,10.5,S,1,1,Dewasa_Muda,Menengah,Mr,Rendah,10.5
0,3,male,20.5,0,0,7.25,S,1,1,Dewasa_Muda,Murah,Mr,Rendah,7.25
0,2,male,18.0,0,0,13.0,S,1,1,Remaja,Menengah,Mr,Rendah,13.0
0,3,female,28.0,3,1,25.4667,S,5,0,Dewasa_Muda,Mahal,Miss,Sedang,5.0933399999999995
1,1,female,35.0,1,0,83.475,S,2,0,Dewasa_Muda,Sangat_Mahal,Mrs,Tinggi,41.7375
0,3,male,29.0,0,0,7.775,S,1,1,Dewasa_Muda,Murah,Mr,Rendah,7.775
0,2,male,59.0,0,0,13.5,S,1,1,Dewasa,Menengah,Mr,Rendah,13.5
1,3,female,5.0,4,2,31.3875,S,7,0,Anak,Sangat_Mahal,Miss,Tinggi,4.483928571428572
0,2,male,24.0,0,0,10.5,S,1,1,Dewasa_Muda,Menengah,Mr,Rendah,10.5
0,3,female,28.0,0,0,7.55,S,1,1,Dewasa_Muda,Murah,Miss,Sedang,7.55
0,2,male,44.0,1,0,26.0,S,2,0,Dewasa,Mahal,Mr,Rendah,13.0
1,2,female,8.0,0,2,26.25,S,3,0,Anak,Mahal,Miss,Tinggi,8.75
0,2,male,19.0,0,0,10.5,S,1,1,Dewasa_Muda,Menengah,Mr,Rendah,10.5
0,2,male,33.0,0,0,12.275,S,1,1,Dewasa_Muda,Menengah,Mr,Rendah,12.275
0,3,female,28.0,1,0,14.4542,C,2,0,Dewasa_Muda,Mahal,Miss,Sedang,7.2271
1,3,female,28.0,1,0,15.5,Q,2,0,Dewasa_Muda,Mahal,Miss,Sedang,7.75
0,2,male,29.0,0,0,10.5,S,1,1,Dewasa_Muda,Menengah,Mr,Rendah,10.5
0,3,male,22.0,0,0,7.125,S,1,1,Dewasa_Muda,Murah,Mr,Rendah,7.125
0,3,male,30.0,0,0,7.225,C,1,1,Dewasa_Muda,Murah,Mr,Rendah,7.225
0,1,male,44.0,2,0,90.0,Q,3,0,Dewasa,Sangat_Mahal,Lainnya,Rendah,30.0
0,3,female,25.0,0,0,7.775,S,1,1,Dewasa_Muda,Murah,Miss,Sedang,7.775
1,2,female,24.0,0,2,14.5,S,3,0,Dewasa_Muda,Mahal,Mrs,Sedang,4.833333333333333
1,1,male,37.0,1,1,52.5542,S,3,0,Dewasa,Sangat_Mahal,Mr,Rendah,17.518066666666666
0,2,male,54.0,1,0,26.0,S,2,0,Dewasa,Mahal,Lainnya,Rendah,13.0
0,3,male,28.0,0,0,7.25,S,1,1,Dewasa_Muda,Murah,Mr,Rendah,7.25
0,3,female,29.0,1,1,10.4625,S,3,0,Dewasa_Muda,Menengah,Mrs,Sedang,3.4875000000000003
0,1,male,62.0,0,0,26.55,S,1,1,Lansia,Mahal,Mr,Rendah,26.55
0,3,male,30.0,1,0,16.1,S,2,0,Dewasa_Muda,Mahal,Mr,Rendah,8.05
0,3,female,41.0,0,2,20.2125,S,3,0,Dewasa,Mahal,Mrs,Sedang,6.7375
1,3,female,29.0,0,2,15.2458,C,3,0,Dewasa_Muda,Mahal,Mrs,Sedang,5.081933333333333
1,1,female,28.0,0,0,79.2,C,1,1,Dewasa_Muda,Sangat_Mahal,Mrs,Tinggi,79.2
1,1,female,30.0,0,0,86.5,S,1,1,Dewasa_Muda,Sangat_Mahal,Miss,Tinggi,86.5
1,1,female,35.0,0,0,512.3292,C,1,1,Dewasa_Muda,Sangat_Mahal,Miss,Tinggi,512.3292
1,2,female,50.0,0,1,26.0,S,2,0,Dewasa,Mahal,Mrs,Sedang,13.0
0,3,male,28.0,0,0,7.75,Q,1,1,Dewasa_Muda,Murah,Mr,Rendah,7.75
1,3,male,3.0,4,2,31.3875,S,7,0,Anak,Sangat_Mahal,Master,Sedang,4.483928571428572
0,1,male,52.0,1,1,79.65,S,3,0,Dewasa,Sangat_Mahal,Mr,Rendah,26.55
0,1,male,40.0,0,0,0.0,S,1,1,Dewasa,Murah,Mr,Rendah,0.0
0,3,female,28.0,0,0,7.75,Q,1,1,Dewasa_Muda,Murah,Miss,Sedang,7.75
0,2,male,36.0,0,0,10.5,S,1,1,Dewasa,Menengah,Mr,Rendah,10.5
0,3,male,16.0,4,1,39.6875,S,6,0,Remaja,Sangat_Mahal,Mr,Rendah,6.614583333333333
1,3,male,25.0,1,0,7.775,S,2,0,Dewasa_Muda,Murah,Mr,Rendah,3.8875
1,1,female,58.0,0,1,153.4625,S,2,0,Dewasa,Sangat_Mahal,Mrs,Tinggi,76.73125
1,1,female,35.0,0,0,135.6333,S,1,1,Dewasa_Muda,Sangat_Mahal,Miss,Tinggi,135.6333
0,1,male,28.0,0,0,31.0,S,1,1,Dewasa_Muda,Mahal,Mr,Rendah,31.0
1,3,male,25.0,0,0,0.0,S,1,1,Dewasa_Muda,Murah,Mr,Rendah,0.0
1,2,female,41.0,0,1,19.5,S,2,0,Dewasa,Mahal,Mrs,Sedang,9.75
0,1,male,37.0,0,1,29.7,C,2,0,Dewasa,Mahal,Mr,Rendah,14.85
1,3,female,28.0,0,0,7.75,Q,1,1,Dewasa_Muda,Murah,Miss,Sedang,7.75
1,1,female,63.0,1,0,77.9583,S,2,0,Lansia,Sangat_Mahal,Miss,Tinggi,38.97915
0,3,female,45.0,0,0,7.75,S,1,1,Dewasa,Murah,Miss,Sedang,7.75
0,2,male,28.0,0,0,0.0,S,1,1,Dewasa_Muda,Murah,Mr,Rendah,0.0
0,3,male,7.0,4,1,29.125,Q,6,0,Anak,Mahal,Master,Sedang,4.854166666666667
1,3,female,35.0,1,1,20.25,S,3,0,Dewasa_Muda,Mahal,Mrs,Sedang,6.75
0,3,male,65.0,0,0,7.75,Q,1,1,Lansia,Murah,Mr,Rendah,7.75
0,3,male,28.0,0,0,7.8542,S,1,1,Dewasa_Muda,Murah,Mr,Rendah,7.8542
0,3,male,16.0,0,0,9.5,S,1,1,Remaja,Menengah,Mr,Rendah,9.5
1,3,male,19.0,0,0,8.05,S,1,1,Dewasa_Muda,Menengah,Mr,Rendah,8.05
0,1,male,28.0,0,0,26.0,S,1,1,Dewasa_Muda,Mahal,Mr,Rendah,26.0
0,3,male,33.0,0,0,8.6625,C,1,1,Dewasa_Muda,Menengah,Mr,Rendah,8.6625
1,3,male,30.0,0,0,9.5,S,1,1,Dewasa_Muda,Menengah,Mr,Rendah,9.5
0,3,male,22.0,0,0,7.8958,S,1,1,Dewasa_Muda,Murah,Mr,Rendah,7.8958
1,2,male,42.0,0,0,13.0,S,1,1,Dewasa,Menengah,Mr,Rendah,13.0
1,3,female,22.0,0,0,7.75,Q,1,1,Dewasa_Muda,Murah,Miss,Sedang,7.75
1,1,female,26.0,0,0,78.85,S,1,1,Dewasa_Muda,Sangat_Mahal,Miss,Tinggi,78.85
1,1,female,19.0,1,0,91.0792,C,2,0,Dewasa_Muda,Sangat_Mahal,Mrs,Tinggi,45.5396
0,2,male,36.0,0,0,12.875,C,1,1,Dewasa,Menengah,Mr,Rendah,12.875
0,3,female,24.0,0,0,8.85,S,1,1,Dewasa_Muda,Menengah,Miss,Sedang,8.85
0,3,male,24.0,0,0,7.8958,S,1,1,Dewasa_Muda,Murah,Mr,Rendah,7.8958
0,1,male,28.0,0,0,27.7208,C,1,1,Dewasa_Muda,Mahal,Mr,Rendah,27.7208
0,3,male,23.5,0,0,7.2292,C,1,1,Dewasa_Muda,Murah,Mr,Rendah,7.2292
0,1,female,2.0,1,2,151.55,S,4,0,Anak,Sangat_Mahal,Miss,Tinggi,37.8875
1,1,male,28.0,0,0,30.5,S,1,1,Dewasa_Muda,Mahal,Mr,Rendah,30.5
1,1,female,50.0,0,1,247.5208,C,2,0,Dewasa,Sangat_Mahal,Mrs,Tinggi,123.7604
1,3,female,28.0,0,0,7.75,Q,1,1,Dewasa_Muda,Murah,Miss,Sedang,7.75
1,3,male,28.0,2,0,23.25,Q,3,0,Dewasa_Muda,Mahal,Mr,Rendah,7.75
0,3,male,19.0,0,0,0.0,S,1,1,Dewasa_Muda,Murah,Mr,Rendah,0.0
1,2,female,28.0,0,0,12.35,Q,1,1,Dewasa_Muda,Menengah,Miss,Sedang,12.35
0,3,male,28.0,0,0,8.05,S,1,1,Dewasa_Muda,Menengah,Mr,Rendah,8.05
1,1,male,0.92,1,2,151.55,S,4,0,Anak,Sangat_Mahal,Master,Tinggi,37.8875
1,1,female,28.0,0,0,110.8833,C,1,1,Dewasa_Muda,Sangat_Mahal,Miss,Tinggi,110.8833
1,1,female,17.0,1,0,108.9,C,2,0,Remaja,Sangat_Mahal,Mrs,Tinggi,54.45
0,2,male,30.0,1,0,24.0,C,2,0,Dewasa_Muda,Mahal,Mr,Rendah,12.0
1,1,female,30.0,0,0,56.9292,C,1,1,Dewasa_Muda,Sangat_Mahal,Miss,Tinggi,56.9292
1,1,female,24.0,0,0,83.1583,C,1,1,Dewasa_Muda,Sangat_Mahal,Miss,Tinggi,83.1583
1,1,female,18.0,2,2,262.375,C,5,0,Remaja,Sangat_Mahal,Miss,Tinggi,52.475
0,2,female,26.0,1,1,26.0,S,3,0,Dewasa_Muda,Mahal,Mrs,Sedang,8.666666666666666
0,3,male,28.0,0,0,7.8958,S,1,1,Dewasa_Muda,Murah,Mr,Rendah,7.8958
0,2,male,43.0,1,1,26.25,S,3,0,Dewasa,Mahal,Mr,Rendah,8.75
1,3,female,26.0,0,0,7.8542,S,1,1,Dewasa_Muda,Murah,Miss,Sedang,7.8542
1,2,female,24.0,1,0,26.0,S,2,0,Dewasa_Muda,Mahal,Mrs,Sedang,13.0
0,2,male,54.0,0,0,14.0,S,1,1,Dewasa,Menengah,Lainnya,Rendah,14.0
1,1,female,31.0,0,2,164.8667,S,3,0,Dewasa_Muda,Sangat_Mahal,Miss,Tinggi,54.95556666666667
1,1,female,40.0,1,1,134.5,C,3,0,Dewasa,Sangat_Mahal,Mrs,Tinggi,44.833333333333336
0,3,male,22.0,0,0,7.25,S,1,1,Dewasa_Muda,Murah,Mr,Rendah,7.25
0,3,male,27.0,0,0,7.8958,S,1,1,Dewasa_Muda,Murah,Mr,Rendah,7.8958
1,2,female,30.0,0,0,12.35,Q,1,1,Dewasa_Muda,Menengah,Miss,Sedang,12.35
1,2,female,22.0,1,1,29.0,S,3,0,Dewasa_Muda,Mahal,Mrs,Sedang,9.666666666666666
0,3,male,28.0,8,2,69.55,S,11,0,Dewasa_Muda,Sangat_Mahal,Mr,Rendah,6.322727272727272
1,1,female,36.0,0,0,135.6333,C,1,1,Dewasa,Sangat_Mahal,Miss,Tinggi,135.6333
0,3,male,61.0,0,0,6.2375,S,1,1,Lansia,Murah,Mr,Rendah,6.2375
1,2,female,36.0,0,0,13.0,S,1,1,Dewasa,Menengah,Mrs,Sedang,13.0
1,3,female,31.0,1,1,20.525,S,3,0,Dewasa_Muda,Mahal,Mrs,Sedang,6.841666666666666
1,1,female,16.0,0,1,57.9792,C,2,0,Remaja,Sangat_Mahal,Miss,Tinggi,28.9896
1,3,female,28.0,2,0,23.25,Q,3,0,Dewasa_Muda,Mahal,Miss,Sedang,7.75
0,1,male,45.5,0,0,28.5,S,1,1,Dewasa,Mahal,Mr,Rendah,28.5
0,1,male,38.0,0,1,153.4625,S,2,0,Dewasa,Sangat_Mahal,Mr,Rendah,76.73125
0,3,male,16.0,2,0,18.0,S,3,0,Remaja,Mahal,Mr,Rendah,6.0
1,1,female,28.0,1,0,133.65,S,2,0,Dewasa_Muda,Sangat_Mahal,Mrs,Tinggi,66.825
0,3,male,28.0,0,0,7.8958,S,1,1,Dewasa_Muda,Murah,Mr,Rendah,7.8958
0,1,male,29.0,1,0,66.6,S,2,0,Dewasa_Muda,Sangat_Mahal,Mr,Rendah,33.3
1,1,female,41.0,0,0,134.5,C,1,1,Dewasa,Sangat_Mahal,Miss,Tinggi,134.5
1,3,male,45.0,0,0,8.05,S,1,1,Dewasa,Menengah,Mr,Rendah,8.05
0,1,male,45.0,0,0,35.5,S,1,1,Dewasa,Sangat_Mahal,Mr,Rendah,35.5
1,2,male,2.0,1,1,26.0,S,3,0,Anak,Mahal,Master,Sedang,8.666666666666666
1,1,female,24.0,3,2,263.0,S,6,0,Dewasa_Muda,Sangat_Mahal,Miss,Tinggi,43.833333333333336
0,2,male,28.0,0,0,13.0,S,1,1,Dewasa_Muda,Menengah,Mr,Rendah,13.0
0,2,male,25.0,0,0,13.0,S,1,1,Dewasa_Muda,Menengah,Mr,Rendah,13.0
0,2,male,36.0,0,0,13.0,S,1,1,Dewasa,Menengah,Mr,Rendah,13.0
1,2,female,24.0,0,0,13.0,S,1,1,Dewasa_Muda,Menengah,Miss,Sedang,13.0
1,2,female,40.0,0,0,13.0,S,1,1,Dewasa,Menengah,Miss,Sedang,13.0
1,3,female,28.0,1,0,16.1,S,2,0,Dewasa_Muda,Mahal,Mrs,Sedang,8.05
1,3,male,3.0,1,1,15.9,S,3,0,Anak,Mahal,Master,Sedang,5.3
0,3,male,42.0,0,0,8.6625,S,1,1,Dewasa,Menengah,Mr,Rendah,8.6625
0,3,male,23.0,0,0,9.225,S,1,1,Dewasa_Muda,Menengah,Mr,Rendah,9.225
0,1,male,28.0,0,0,35.0,S,1,1,Dewasa_Muda,Sangat_Mahal,Mr,Rendah,35.0
0,3,male,15.0,1,1,7.2292,C,3,0,Remaja,Murah,Mr,Rendah,2.409733333333333
0,3,male,25.0,1,0,17.8,S,2,0,Dewasa_Muda,Mahal,Mr,Rendah,8.9
0,3,male,28.0,0,0,7.225,C,1,1,Dewasa_Muda,Murah,Mr,Rendah,7.225
0,3,male,28.0,0,0,9.5,S,1,1,Dewasa_Muda,Menengah,Mr,Rendah,9.5
1,1,female,22.0,0,1,55.0,S,2,0,Dewasa_Muda,Sangat_Mahal,Miss,Tinggi,27.5
0,2,female,38.0,0,0,13.0,S,1,1,Dewasa,Menengah,Miss,Sedang,13.0
1,3,female,28.0,0,0,7.8792,Q,1,1,Dewasa_Muda,Murah,Miss,Sedang,7.8792
1,3,female,28.0,0,0,7.8792,Q,1,1,Dewasa_Muda,Murah,Miss,Sedang,7.8792
0,3,male,40.0,1,4,27.9,S,6,0,Dewasa,Mahal,Mr,Rendah,4.6499999999999995
0,2,male,29.0,1,0,27.7208,C,2,0,Dewasa_Muda,Mahal,Mr,Rendah,13.8604
0,3,female,45.0,0,1,14.4542,C,2,0,Dewasa,Mahal,Mrs,Sedang,7.2271
0,3,male,35.0,0,0,7.05,S,1,1,Dewasa_Muda,Murah,Mr,Rendah,7.05
0,3,male,28.0,1,0,15.5,Q,2,0,Dewasa_Muda,Mahal,Mr,Rendah,7.75
0,3,male,30.0,0,0,7.25,S,1,1,Dewasa_Muda,Murah,Mr,Rendah,7.25
1,1,female,60.0,1,0,75.25,C,2,0,Dewasa,Sangat_Mahal,Mrs,Tinggi,37.625
1,3,female,28.0,0,0,7.2292,C,1,1,Dewasa_Muda,Murah,Mrs,Sedang,7.2292
1,3,female,28.0,0,0,7.75,Q,1,1,Dewasa_Muda,Murah,Miss,Sedang,7.75
1,1,female,24.0,0,0,69.3,C,1,1,Dewasa_Muda,Sangat_Mahal,Mrs,Tinggi,69.3
1,1,male,25.0,1,0,55.4417,C,2,0,Dewasa_Muda,Sangat_Mahal,Mr,Rendah,27.72085
0,3,male,18.0,1,0,6.4958,S,2,0,Remaja,Murah,Mr,Rendah,3.2479
0,3,male,19.0,0,0,8.05,S,1,1,Dewasa_Muda,Menengah,Mr,Rendah,8.05
0,1,male,22.0,0,0,135.6333,C,1,1,Dewasa_Muda,Sangat_Mahal,Mr,Rendah,135.6333
0,3,female,3.0,3,1,21.075,S,5,0,Anak,Mahal,Miss,Tinggi,4.215
1,1,female,28.0,1,0,82.1708,C,2,0,Dewasa_Muda,Sangat_Mahal,Mrs,Tinggi,41.0854
1,3,female,22.0,0,0,7.25,S,1,1,Dewasa_Muda,Murah,Miss,Sedang,7.25
0,1,male,27.0,0,2,211.5,C,3,0,Dewasa_Muda,Sangat_Mahal,Mr,Rendah,70.5
0,3,male,20.0,0,0,4.0125,C,1,1,Dewasa_Muda,Murah,Mr,Rendah,4.0125
0,3,male,19.0,0,0,7.775,S,1,1,Dewasa_Muda,Murah,Mr,Rendah,7.775
1,1,female,42.0,0,0,227.525,C,1,1,Dewasa,Sangat_Mahal,Miss,Tinggi,227.525
1,3,female,1.0,0,2,15.7417,C,3,0,Anak,Mahal,Miss,Tinggi,5.247233333333333
0,3,male,32.0,0,0,7.925,S,1,1,Dewasa_Muda,Menengah,Mr,Rendah,7.925
1,1,female,35.0,1,0,52.0,S,2,0,Dewasa_Muda,Sangat_Mahal,Mrs,Tinggi,26.0
0,3,male,28.0,0,0,7.8958,S,1,1,Dewasa_Muda,Murah,Mr,Rendah,7.8958
0,2,male,18.0,0,0,73.5,S,1,1,Remaja,Sangat_Mahal,Mr,Rendah,73.5
0,3,male,1.0,5,2,46.9,S,8,0,Anak,Sangat_Mahal,Master,Sedang,5.8625
1,2,female,36.0,0,0,13.0,S,1,1,Dewasa,Menengah,Miss,Sedang,13.0
0,3,male,28.0,0,0,7.7292,Q,1,1,Dewasa_Muda,Murah,Mr,Rendah,7.7292
1,2,female,17.0,0,0,12.0,C,1,1,Remaja,Menengah,Miss,Sedang,12.0
1,1,male,36.0,1,2,120.0,S,4,0,Dewasa,Sangat_Mahal,Mr,Rendah,30.0
1,3,male,21.0,0,0,7.7958,S,1,1,Dewasa_Muda,Murah,Mr,Rendah,7.7958
0,3,male,28.0,2,0,7.925,S,3,0,Dewasa_Muda,Menengah,Mr,Rendah,2.6416666666666666
1,1,female,23.0,1,0,113.275,C,2,0,Dewasa_Muda,Sangat_Mahal,Miss,Tinggi,56.6375
1,3,female,24.0,0,2,16.7,S,3,0,Dewasa_Muda,Mahal,Mrs,Sedang,5.566666666666666
0,3,male,22.0,0,0,7.7958,S,1,1,Dewasa_Muda,Murah,Mr,Rendah,7.7958
0,3,female,31.0,0,0,7.8542,S,1,1,Dewasa_Muda,Murah,Miss,Sedang,7.8542
0,2,male,46.0,0,0,26.0,S,1,1,Dewasa,Mahal,Mr,Rendah,26.0
0,2,male,23.0,0,0,10.5,S,1,1,Dewasa_Muda,Menengah,Lainnya,Rendah,10.5
1,2,female,28.0,0,0,12.65,S,1,1,Dewasa_Muda,Menengah,Mrs,Sedang,12.65
1,3,male,39.0,0,0,7.925,S,1,1,Dewasa,Menengah,Mr,Rendah,7.925
0,3,male,26.0,0,0,8.05,S,1,1,Dewasa_Muda,Menengah,Mr,Rendah,8.05
0,3,female,21.0,1,0,9.825,S,2,0,Dewasa_Muda,Menengah,Miss,Sedang,4.9125
0,3,male,28.0,1,0,15.85,S,2,0,Dewasa_Muda,Mahal,Mr,Rendah,7.925
0,3,female,20.0,0,0,8.6625,S,1,1,Dewasa_Muda,Menengah,Miss,Sedang,8.6625
0,2,male,34.0,1,0,21.0,S,2,0,Dewasa_Muda,Mahal,Mr,Rendah,10.5
0,3,male,51.0,0,0,7.75,S,1,1,Dewasa,Murah,Mr,Rendah,7.75
1,2,male,3.0,1,1,18.75,S,3,0,Anak,Mahal,Master,Sedang,6.25
0,3,male,21.0,0,0,7.775,S,1,1,Dewasa_Muda,Murah,Mr,Rendah,7.775
0,3,female,28.0,3,1,25.4667,S,5,0,Dewasa_Muda,Mahal,Miss,Sedang,5.0933399999999995
0,3,male,28.0,0,0,7.8958,S,1,1,Dewasa_Muda,Murah,Mr,Rendah,7.8958
0,3,male,28.0,0,0,6.8583,Q,1,1,Dewasa_Muda,Murah,Mr,Rendah,6.8583
1,1,female,33.0,1,0,90.0,Q,2,0,Dewasa_Muda,Sangat_Mahal,Miss,Tinggi,45.0
0,2,male,28.0,0,0,0.0,S,1,1,Dewasa_Muda,Murah,Mr,Rendah,0.0
1,3,male,44.0,0,0,7.925,S,1,1,Dewasa,Menengah,Mr,Rendah,7.925
0,3,female,28.0,0,0,8.05,S,1,1,Dewasa_Muda,Menengah,Mrs,Sedang,8.05
1,2,female,34.0,1,1,32.5,S,3,0,Dewasa_Muda,Sangat_Mahal,Mrs,Sedang,10.833333333333334
1,2,female,18.0,0,2,13.0,S,3,0,Remaja,Menengah,Miss,Sedang,4.333333333333333
0,2,male,30.0,0,0,13.0,S,1,1,Dewasa_Muda,Menengah,Mr,Rendah,13.0
0,3,female,10.0,0,2,24.15,S,3,0,Anak,Mahal,Miss,Tinggi,8.049999999999999
0,3,male,28.0,0,0,7.8958,C,1,1,Dewasa_Muda,Murah,Mr,Rendah,7.8958
0,3,male,21.0,0,0,7.7333,Q,1,1,Dewasa_Muda,Murah,Mr,Rendah,7.7333
0,3,male,29.0,0,0,7.875,S,1,1,Dewasa_Muda,Murah,Mr,Rendah,7.875
0,3,female,28.0,1,1,14.4,S,3,0,Dewasa_Muda,Menengah,Mrs,Sedang,4.8
0,3,male,18.0,1,1,20.2125,S,3,0,Remaja,Mahal,Mr,Rendah,6.7375
0,3,male,28.0,0,0,7.25,S,1,1,Dewasa_Muda,Murah,Mr,Rendah,7.25
1,2,female,28.0,1,0,26.0,S,2,0,Dewasa_Muda,Mahal,Mrs,Sedang,13.0
1,2,female,19.0,0,0,26.0,S,1,1,Dewasa_Muda,Mahal,Miss,Sedang,26.0
0,3,male,28.0,0,0,7.75,Q,1,1,Dewasa_Muda,Murah,Mr,Rendah,7.75
1,3,male,32.0,0,0,8.05,S,1,1,Dewasa_Muda,Menengah,Mr,Rendah,8.05
1,1,male,28.0,0,0,26.55,S,1,1,Dewasa_Muda,Mahal,Mr,Rendah,26.55
1,3,female,28.0,1,0,16.1,S,2,0,Dewasa_Muda,Mahal,Mrs,Sedang,8.05
1,2,female,42.0,1,0,26.0,S,2,0,Dewasa,Mahal,Mrs,Sedang,13.0
0,3,male,17.0,0,0,7.125,S,1,1,Remaja,Murah,Mr,Rendah,7.125
0,1,male,50.0,1,0,55.9,S,2,0,Dewasa,Sangat_Mahal,Mr,Rendah,27.95
1,1,female,14.0,1,2,120.0,S,4,0,Remaja,Sangat_Mahal,Miss,Tinggi,30.0
0,3,female,21.0,2,2,34.375,S,5,0,Dewasa_Muda,Sangat_Mahal,Miss,Sedang,6.875
1,2,female,24.0,2,3,18.75,S,6,0,Dewasa_Muda,Mahal,Mrs,Sedang,3.125
0,1,male,64.0,1,4,263.0,S,6,0,Lansia,Sangat_Mahal,Mr,Rendah,43.833333333333336
0,2,male,31.0,0,0,10.5,S,1,1,Dewasa_Muda,Menengah,Mr,Rendah,10.5
1,2,female,45.0,1,1,26.25,S,3,0,Dewasa,Mahal,Mrs,Sedang,8.75
0,3,male,20.0,0,0,9.5,S,1,1,Dewasa_Muda,Menengah,Mr,Rendah,9.5
0,3,male,25.0,1,0,7.775,S,2,0,Dewasa_Muda,Murah,Mr,Rendah,3.8875
1,2,female,28.0,0,0,13.0,S,1,1,Dewasa_Muda,Menengah,Miss,Sedang,13.0
1,3,male,28.0,0,0,8.1125,S,1,1,Dewasa_Muda,Menengah,Mr,Rendah,8.1125
1,1,male,4.0,0,2,81.8583,S,3,0,Anak,Sangat_Mahal,Master,Tinggi,27.2861
1,2,female,13.0,0,1,19.5,S,2,0,Remaja,Mahal,Miss,Sedang,9.75
1,1,male,34.0,0,0,26.55,S,1,1,Dewasa_Muda,Mahal,Mr,Rendah,26.55
1,3,female,5.0,2,1,19.2583,C,4,0,Anak,Mahal,Miss,Tinggi,4.814575
1,1,male,52.0,0,0,30.5,S,1,1,Dewasa,Mahal,Lainnya,Rendah,30.5
0,2,male,36.0,1,2,27.75,S,4,0,Dewasa,Mahal,Mr,Rendah,6.9375
0,3,male,28.0,1,0,19.9667,S,2,0,Dewasa_Muda,Mahal,Mr,Rendah,9.98335
0,1,male,30.0,0,0,27.75,C,1,1,Dewasa_Muda,Mahal,Mr,Rendah,27.75
1,1,male,49.0,1,0,89.1042,C,2,0,Dewasa,Sangat_Mahal,Mr,Rendah,44.5521
0,3,male,28.0,0,0,8.05,S,1,1,Dewasa_Muda,Menengah,Mr,Rendah,8.05
1,3,male,29.0,0,0,7.8958,C,1,1,Dewasa_Muda,Murah,Mr,Rendah,7.8958
0,1,male,65.0,0,0,26.55,S,1,1,Lansia,Mahal,Mr,Rendah,26.55
1,1,female,28.0,1,0,51.8625,S,2,0,Dewasa_Muda,Sangat_Mahal,Mrs,Tinggi,25.93125
1,2,female,50.0,0,0,10.5,S,1,1,Dewasa,Menengah,Miss,Sedang,10.5
0,3,male,28.0,0,0,7.75,Q,1,1,Dewasa_Muda,Murah,Mr,Rendah,7.75
1,1,male,48.0,0,0,26.55,S,1,1,Dewasa,Mahal,Mr,Rendah,26.55
0,3,male,34.0,0,0,8.05,S,1,1,Dewasa_Muda,Menengah,Mr,Rendah,8.05
0,1,male,47.0,0,0,38.5,S,1,1,Dewasa,Sangat_Mahal,Mr,Rendah,38.5
0,2,male,48.0,0,0,13.0,S,1,1,Dewasa,Menengah,Mr,Rendah,13.0
0,3,male,28.0,0,0,8.05,S,1,1,Dewasa_Muda,Menengah,Mr,Rendah,8.05
0,3,male,38.0,0,0,7.05,S,1,1,Dewasa,Murah,Mr,Rendah,7.05
0,2,male,28.0,0,0,0.0,S,1,1,Dewasa_Muda,Murah,Mr,Rendah,0.0
0,1,male,56.0,0,0,26.55,S,1,1,Dewasa,Mahal,Mr,Rendah,26.55
0,3,male,28.0,0,0,7.725,Q,1,1,Dewasa_Muda,Murah,Mr,Rendah,7.725
1,3,female,0.75,2,1,19.2583,C,4,0,Anak,Mahal,Miss,Tinggi,4.814575
0,3,male,28.0,0,0,7.25,S,1,1,Dewasa_Muda,Murah,Mr,Rendah,7.25
0,3,male,38.0,0,0,8.6625,S,1,1,Dewasa,Menengah,Mr,Rendah,8.6625
1,2,female,33.0,1,2,27.75,S,4,0,Dewasa_Muda,Mahal,Mrs,Sedang,6.9375
1,2,female,23.0,0,0,13.7917,C,1,1,Dewasa_Muda,Menengah,Mrs,Sedang,13.7917
0,3,female,22.0,0,0,9.8375,S,1,1,Dewasa_Muda,Menengah,Miss,Sedang,9.8375
0,1,male,28.0,0,0,52.0,S,1,1,Dewasa_Muda,Sangat_Mahal,Mr,Rendah,52.0
0,2,male,34.0,1,0,21.0,S,2,0,Dewasa_Muda,Mahal,Mr,Rendah,10.5
0,3,male,29.0,1,0,7.0458,S,2,0,Dewasa_Muda,Murah,Mr,Rendah,3.5229
0,3,male,22.0,0,0,7.5208,S,1,1,Dewasa_Muda,Murah,Mr,Rendah,7.5208
1,3,female,2.0,0,1,12.2875,S,2,0,Anak,Menengah,Miss,Tinggi,6.14375
0,3,male,9.0,5,2,46.9,S,8,0,Anak,Sangat_Mahal,Master,Sedang,5.8625
0,2,male,28.0,0,0,0.0,S,1,1,Dewasa_Muda,Murah,Mr,Rendah,0.0
0,3,male,50.0,0,0,8.05,S,1,1,Dewasa,Menengah,Mr,Rendah,8.05
1,3,female,63.0,0,0,9.5875,S,1,1,Lansia,Menengah,Mrs,Sedang,9.5875
1,1,male,25.0,1,0,91.0792,C,2,0,Dewasa_Muda,Sangat_Mahal,Mr,Rendah,45.5396
0,3,female,28.0,3,1,25.4667,S,5,0,Dewasa_Muda,Mahal,Miss,Sedang,5.0933399999999995
1,1,female,35.0,1,0,90.0,S,2,0,Dewasa_Muda,Sangat_Mahal,Mrs,Tinggi,45.0
0,1,male,58.0,0,0,29.7,C,1,1,Dewasa,Mahal,Mr,Rendah,29.7
0,3,male,30.0,0,0,8.05,S,1,1,Dewasa_Muda,Menengah,Mr,Rendah,8.05
1,3,male,9.0,1,1,15.9,S,3,0,Anak,Mahal,Master,Sedang,5.3
0,3,male,28.0,1,0,19.9667,S,2,0,Dewasa_Muda,Mahal,Mr,Rendah,9.98335
0,3,male,21.0,0,0,7.25,S,1,1,Dewasa_Muda,Murah,Mr,Rendah,7.25
0,1,male,55.0,0,0,30.5,S,1,1,Dewasa,Mahal,Mr,Rendah,30.5
0,1,male,71.0,0,0,49.5042,C,1,1,Lansia,Sangat_Mahal,Mr,Rendah,49.5042
0,3,male,21.0,0,0,8.05,S,1,1,Dewasa_Muda,Menengah,Mr,Rendah,8.05
0,3,male,28.0,0,0,14.4583,C,1,1,Dewasa_Muda,Mahal,Mr,Rendah,14.4583
1,1,female,54.0,1,0,78.2667,C,2,0,Dewasa,Sangat_Mahal,Miss,Tinggi,39.13335
0,3,male,28.0,0,0,15.1,S,1,1,Dewasa_Muda,Mahal,Mr,Rendah,15.1
0,1,female,25.0,1,2,151.55,S,4,0,Dewasa_Muda,Sangat_Mahal,Mrs,Tinggi,37.8875
0,3,male,24.0,0,0,7.7958,S,1,1,Dewasa_Muda,Murah,Mr,Rendah,7.7958
0,3,male,17.0,0,0,8.6625,S,1,1,Remaja,Menengah,Mr,Rendah,8.6625
0,3,female,21.0,0,0,7.75,Q,1,1,Dewasa_Muda,Murah,Miss,Sedang,7.75
0,3,female,28.0,0,0,7.6292,Q,1,1,Dewasa_Muda,Murah,Miss,Sedang,7.6292
0,3,female,37.0,0,0,9.5875,S,1,1,Dewasa,Menengah,Miss,Sedang,9.5875
1,1,female,16.0,0,0,86.5,S,1,1,Remaja,Sangat_Mahal,Miss,Tinggi,86.5
0,1,male,18.0,1,0,108.9,C,2,0,Remaja,Sangat_Mahal,Mr,Rendah,54.45
1,2,female,33.0,0,2,26.0,S,3,0,Dewasa_Muda,Mahal,Mrs,Sedang,8.666666666666666
1,1,male,28.0,0,0,26.55,S,1,1,Dewasa_Muda,Mahal,Mr,Rendah,26.55
0,3,male,28.0,0,0,22.525,S,1,1,Dewasa_Muda,Mahal,Mr,Rendah,22.525
1,3,male,26.0,0,0,56.4958,S,1,1,Dewasa_Muda,Sangat_Mahal,Mr,Rendah,56.4958
1,3,male,29.0,0,0,7.75,Q,1,1,Dewasa_Muda,Murah,Mr,Rendah,7.75
0,3,male,28.0,0,0,8.05,S,1,1,Dewasa_Muda,Menengah,Mr,Rendah,8.05
1,1,male,36.0,0,0,26.2875,S,1,1,Dewasa,Mahal,Mr,Rendah,26.2875
1,1,female,54.0,1,0,59.4,C,2,0,Dewasa,Sangat_Mahal,Mrs,Tinggi,29.7
0,3,male,24.0,0,0,7.4958,S,1,1,Dewasa_Muda,Murah,Mr,Rendah,7.4958
0,1,male,47.0,0,0,34.0208,S,1,1,Dewasa,Sangat_Mahal,Mr,Rendah,34.0208
1,2,female,34.0,0,0,10.5,S,1,1,Dewasa_Muda,Menengah,Mrs,Sedang,10.5
0,3,male,28.0,0,0,24.15,Q,1,1,Dewasa_Muda,Mahal,Mr,Rendah,24.15
1,2,female,36.0,1,0,26.0,S,2,0,Dewasa,Mahal,Mrs,Sedang,13.0
0,3,male,32.0,0,0,7.8958,S,1,1,Dewasa_Muda,Murah,Mr,Rendah,7.8958
1,1,female,30.0,0,0,93.5,S,1,1,Dewasa_Muda,Sangat_Mahal,Miss,Tinggi,93.5
0,3,male,22.0,0,0,7.8958,S,1,1,Dewasa_Muda,Murah,Mr,Rendah,7.8958
0,3,male,28.0,0,0,7.225,C,1,1,Dewasa_Muda,Murah,Mr,Rendah,7.225
1,1,female,44.0,0,1,57.9792,C,2,0,Dewasa,Sangat_Mahal,Mrs,Tinggi,28.9896
0,3,male,28.0,0,0,7.2292,C,1,1,Dewasa_Muda,Murah,Mr,Rendah,7.2292
0,3,male,40.5,0,0,7.75,Q,1,1,Dewasa,Murah,Mr,Rendah,7.75
1,2,female,50.0,0,0,10.5,S,1,1,Dewasa,Menengah,Miss,Sedang,10.5
0,1,male,28.0,0,0,221.7792,S,1,1,Dewasa_Muda,Sangat_Mahal,Mr,Rendah,221.7792
0,3,male,39.0,0,0,7.925,S,1,1,Dewasa,Menengah,Mr,Rendah,7.925
0,2,male,23.0,2,1,11.5,S,4,0,Dewasa_Muda,Menengah,Mr,Rendah,2.875
1,2,female,2.0,1,1,26.0,S,3,0,Anak,Mahal,Miss,Tinggi,8.666666666666666
0,3,male,28.0,0,0,7.2292,C,1,1,Dewasa_Muda,Murah,Mr,Rendah,7.2292
0,3,male,17.0,1,1,7.2292,C,3,0,Remaja,Murah,Mr,Rendah,2.409733333333333
1,3,female,28.0,0,2,22.3583,C,3,0,Dewasa_Muda,Mahal,Mrs,Sedang,7.452766666666666
0,3,female,30.0,0,0,8.6625,S,1,1,Dewasa_Muda,Menengah,Miss,Sedang,8.6625
1,2,female,7.0,0,2,26.25,S,3,0,Anak,Mahal,Miss,Tinggi,8.75
0,1,male,45.0,0,0,26.55,S,1,1,Dewasa,Mahal,Lainnya,Rendah,26.55
1,1,female,30.0,0,0,106.425,C,1,1,Dewasa_Muda,Sangat_Mahal,Miss,Tinggi,106.425
0,3,male,28.0,0,0,14.5,S,1,1,Dewasa_Muda,Mahal,Mr,Rendah,14.5
1,1,female,22.0,0,2,49.5,C,3,0,Dewasa_Muda,Sangat_Mahal,Miss,Tinggi,16.5
1,1,female,36.0,0,2,71.0,S,3,0,Dewasa,Sangat_Mahal,Miss,Tinggi,23.666666666666668
0,3,female,9.0,4,2,31.275,S,7,0,Anak,Sangat_Mahal,Miss,Tinggi,4.4678571428571425
0,3,female,11.0,4,2,31.275,S,7,0,Anak,Sangat_Mahal,Miss,Tinggi,4.4678571428571425
1,2,male,32.0,1,0,26.0,S,2,0,Dewasa_Muda,Mahal,Mr,Rendah,13.0
0,1,male,50.0,1,0,106.425,C,2,0,Dewasa,Sangat_Mahal,Mr,Rendah,53.2125
0,1,male,64.0,0,0,26.0,S,1,1,Lansia,Mahal,Mr,Rendah,26.0
1,2,female,19.0,1,0,26.0,S,2,0,Dewasa_Muda,Mahal,Mrs,Sedang,13.0
1,2,male,28.0,0,0,13.8625,C,1,1,Dewasa_Muda,Menengah,Mr,Rendah,13.8625
0,3,male,33.0,1,1,20.525,S,3,0,Dewasa_Muda,Mahal,Mr,Rendah,6.841666666666666
1,2,male,8.0,1,1,36.75,S,3,0,Anak,Sangat_Mahal,Master,Sedang,12.25
1,1,male,17.0,0,2,110.8833,C,3,0,Remaja,Sangat_Mahal,Mr,Rendah,36.9611
0,2,male,27.0,0,0,26.0,S,1,1,Dewasa_Muda,Mahal,Mr,Rendah,26.0
0,3,male,28.0,0,0,7.8292,Q,1,1,Dewasa_Muda,Murah,Mr,Rendah,7.8292
1,3,male,22.0,0,0,7.225,C,1,1,Dewasa_Muda,Murah,Mr,Rendah,7.225
1,3,female,22.0,0,0,7.775,S,1,1,Dewasa_Muda,Murah,Miss,Sedang,7.775
0,1,male,62.0,0,0,26.55,S,1,1,Lansia,Mahal,Mr,Rendah,26.55
1,1,female,48.0,1,0,39.6,C,2,0,Dewasa,Sangat_Mahal,Lainnya,Tinggi,19.8
0,1,male,28.0,0,0,227.525,C,1,1,Dewasa_Muda,Sangat_Mahal,Mr,Rendah,227.525
1,1,female,39.0,1,1,79.65,S,3,0,Dewasa,Sangat_Mahal,Mrs,Tinggi,26.55
1,3,female,36.0,1,0,17.4,S,2,0,Dewasa,Mahal,Mrs,Sedang,8.7
0,3,male,28.0,0,0,7.75,Q,1,1,Dewasa_Muda,Murah,Mr,Rendah,7.75
0,3,male,40.0,0,0,7.8958,S,1,1,Dewasa,Murah,Mr,Rendah,7.8958
0,2,male,28.0,0,0,13.5,S,1,1,Dewasa_Muda,Menengah,Mr,Rendah,13.5
0,3,male,28.0,0,0,8.05,S,1,1,Dewasa_Muda,Menengah,Mr,Rendah,8.05
0,3,female,28.0,0,0,8.05,S,1,1,Dewasa_Muda,Menengah,Miss,Sedang,8.05
0,3,male,24.0,2,0,24.15,S,3,0,Dewasa_Muda,Mahal,Mr,Rendah,8.049999999999999
0,3,male,19.0,0,0,7.8958,S,1,1,Dewasa_Muda,Murah,Mr,Rendah,7.8958
0,3,female,29.0,0,4,21.075,S,5,0,Dewasa_Muda,Mahal,Mrs,Sedang,4.215
0,3,male,28.0,0,0,7.2292,C,1,1,Dewasa_Muda,Murah,Mr,Rendah,7.2292
1,3,male,32.0,0,0,7.8542,S,1,1,Dewasa_Muda,Murah,Mr,Rendah,7.8542
1,2,male,62.0,0,0,10.5,S,1,1,Lansia,Menengah,Mr,Rendah,10.5
1,1,female,53.0,2,0,51.4792,S,3,0,Dewasa,Sangat_Mahal,Mrs,Tinggi,17.15973333333333
1,1,male,36.0,0,0,26.3875,S,1,1,Dewasa,Mahal,Mr,Rendah,26.3875
1,3,female,28.0,0,0,7.75,Q,1,1,Dewasa_Muda,Murah,Miss,Sedang,7.75
0,3,male,16.0,0,0,8.05,S,1,1,Remaja,Menengah,Mr,Rendah,8.05
0,3,male,19.0,0,0,14.5,S,1,1,Dewasa_Muda,Mahal,Mr,Rendah,14.5
1,2,female,34.0,0,0,13.0,S,1,1,Dewasa_Muda,Menengah,Miss,Sedang,13.0
1,1,female,39.0,1,0,55.9,S,2,0,Dewasa,Sangat_Mahal,Mrs,Tinggi,27.95
0,3,female,28.0,1,0,14.4583,C,2,0,Dewasa_Muda,Mahal,Mrs,Sedang,7.22915
1,3,male,32.0,0,0,7.925,S,1,1,Dewasa_Muda,Menengah,Mr,Rendah,7.925
1,2,female,25.0,1,1,30.0,S,3,0,Dewasa_Muda,Mahal,Miss,Sedang,10.0
1,1,female,39.0,1,1,110.8833,C,3,0,Dewasa,Sangat_Mahal,Mrs,Tinggi,36.9611
0,2,male,54.0,0,0,26.0,S,1,1,Dewasa,Mahal,Mr,Rendah,26.0
0,1,male,36.0,0,0,40.125,C,1,1,Dewasa,Sangat_Mahal,Mr,Rendah,40.125
0,3,male,28.0,0,0,8.7125,C,1,1,Dewasa_Muda,Menengah,Mr,Rendah,8.7125
1,1,female,18.0,0,2,79.65,S,3,0,Remaja,Sangat_Mahal,Miss,Tinggi,26.55
0,2,male,47.0,0,0,15.0,S,1,1,Dewasa,Mahal,Mr,Rendah,15.0
1,1,male,60.0,1,1,79.2,C,3,0,Dewasa,Sangat_Mahal,Mr,Rendah,26.400000000000002
0,3,male,22.0,0,0,8.05,S,1,1,Dewasa_Muda,Menengah,Mr,Rendah,8.05
0,3,male,28.0,0,0,8.05,S,1,1,Dewasa_Muda,Menengah,Mr,Rendah,8.05
0,3,male,35.0,0,0,7.125,S,1,1,Dewasa_Muda,Murah,Mr,Rendah,7.125
1,1,female,52.0,1,0,78.2667,C,2,0,Dewasa,Sangat_Mahal,Mrs,Tinggi,39.13335
0,3,male,47.0,0,0,7.25,S,1,1,Dewasa,Murah,Mr,Rendah,7.25
0,3,female,28.0,0,2,7.75,Q,3,0,Dewasa_Muda,Murah,Miss,Sedang,2.5833333333333335
0,2,male,37.0,1,0,26.0,S,2,0,Dewasa,Mahal,Mr,Rendah,13.0
0,3,male,36.0,1,1,24.15,S,3,0,Dewasa,Mahal,Mr,Rendah,8.049999999999999
1,2,female,28.0,0,0,33.0,S,1,1,Dewasa_Muda,Sangat_Mahal,Miss,Sedang,33.0
0,3,male,49.0,0,0,0.0,S,1,1,Dewasa,Murah,Mr,Rendah,0.0
0,3,male,28.0,0,0,7.225,C,1,1,Dewasa_Muda,Murah,Mr,Rendah,7.225
1,1,male,49.0,1,0,56.9292,C,2,0,Dewasa,Sangat_Mahal,Lainnya,Rendah,28.4646
1,2,female,24.0,2,1,27.0,S,4,0,Dewasa_Muda,Mahal,Mrs,Sedang,6.75
0,3,male,28.0,0,0,7.8958,S,1,1,Dewasa_Muda,Murah,Mr,Rendah,7.8958
0,1,male,28.0,0,0,42.4,S,1,1,Dewasa_Muda,Sangat_Mahal,Mr,Rendah,42.4
0,3,male,44.0,0,0,8.05,S,1,1,Dewasa,Menengah,Mr,Rendah,8.05
1,1,male,35.0,0,0,26.55,C,1,1,Dewasa_Muda,Mahal,Mr,Rendah,26.55
0,3,male,36.0,1,0,15.55,S,2,0,Dewasa,Mahal,Mr,Rendah,7.775
0,3,male,30.0,0,0,7.8958,S,1,1,Dewasa_Muda,Murah,Mr,Rendah,7.8958
1,1,male,27.0,0,0,30.5,S,1,1,Dewasa_Muda,Mahal,Mr,Rendah,30.5
1,2,female,22.0,1,2,41.5792,C,4,0,Dewasa_Muda,Sangat_Mahal,Mrs,Sedang,10.3948
1,1,female,40.0,0,0,153.4625,S,1,1,Dewasa,Sangat_Mahal,Miss,Tinggi,153.4625
0,3,female,39.0,1,5,31.275,S,7,0,Dewasa,Sangat_Mahal,Mrs,Sedang,4.4678571428571425
0,3,male,28.0,0,0,7.05,S,1,1,Dewasa_Muda,Murah,Mr,Rendah,7.05
1,3,female,28.0,1,0,15.5,Q,2,0,Dewasa_Muda,Mahal,Miss,Sedang,7.75
0,3,male,28.0,0,0,7.75,Q,1,1,Dewasa_Muda,Murah,Mr,Rendah,7.75
0,3,male,35.0,0,0,8.05,S,1,1,Dewasa_Muda,Menengah,Mr,Rendah,8.05
1,2,female,24.0,1,2,65.0,S,4,0,Dewasa_Muda,Sangat_Mahal,Miss,Sedang,16.25
0,3,male,34.0,1,1,14.4,S,3,0,Dewasa_Muda,Menengah,Mr,Rendah,4.8
0,3,female,26.0,1,0,16.1,S,2,0,Dewasa_Muda,Mahal,Mrs,Sedang,8.05
1,2,female,4.0,2,1,39.0,S,4,0,Anak,Sangat_Mahal,Miss,Tinggi,9.75
0,2,male,26.0,0,0,10.5,S,1,1,Dewasa_Muda,Menengah,Mr,Rendah,10.5
0,3,male,27.0,1,0,14.4542,C,2,0,Dewasa_Muda,Mahal,Mr,Rendah,7.2271
1,1,male,42.0,1,0,52.5542,S,2,0,Dewasa,Sangat_Mahal,Mr,Rendah,26.2771
1,3,male,20.0,1,1,15.7417,C,3,0,Dewasa_Muda,Mahal,Mr,Rendah,5.247233333333333
0,3,male,21.0,0,0,7.8542,S,1,1,Dewasa_Muda,Murah,Mr,Rendah,7.8542
0,3,male,21.0,0,0,16.1,S,1,1,Dewasa_Muda,Mahal,Mr,Rendah,16.1
0,1,male,61.0,0,0,32.3208,S,1,1,Lansia,Sangat_Mahal,Mr,Rendah,32.3208
0,2,male,57.0,0,0,12.35,Q,1,1,Dewasa,Menengah,Lainnya,Rendah,12.35
1,1,female,21.0,0,0,77.9583,S,1,1,Dewasa_Muda,Sangat_Mahal,Miss,Tinggi,77.9583
0,3,male,26.0,0,0,7.8958,S,1,1,Dewasa_Muda,Murah,Mr,Rendah,7.8958
0,3,male,28.0,0,0,7.7333,Q,1,1,Dewasa_Muda,Murah,Mr,Rendah,7.7333
1,1,male,80.0,0,0,30.0,S,1,1,Lansia,Mahal,Mr,Rendah,30.0
0,3,male,51.0,0,0,7.0542,S,1,1,Dewasa,Murah,Mr,Rendah,7.0542
1,1,male,32.0,0,0,30.5,C,1,1,Dewasa_Muda,Mahal,Lainnya,Rendah,30.5
0,1,male,28.0,0,0,0.0,S,1,1,Dewasa_Muda,Murah,Mr,Rendah,0.0
0,3,female,9.0,3,2,27.9,S,6,0,Anak,Mahal,Miss,Tinggi,4.6499999999999995
1,2,female,28.0,0,0,13.0,S,1,1,Dewasa_Muda,Menengah,Miss,Sedang,13.0
0,3,male,32.0,0,0,7.925,S,1,1,Dewasa_Muda,Menengah,Mr,Rendah,7.925
0,2,male,31.0,1,1,26.25,S,3,0,Dewasa_Muda,Mahal,Mr,Rendah,8.75
0,3,female,41.0,0,5,39.6875,S,6,0,Dewasa,Sangat_Mahal,Mrs,Sedang,6.614583333333333
0,3,male,28.0,1,0,16.1,S,2,0,Dewasa_Muda,Mahal,Mr,Rendah,8.05
0,3,male,20.0,0,0,7.8542,S,1,1,Dewasa_Muda,Murah,Mr,Rendah,7.8542
1,1,female,24.0,0,0,69.3,C,1,1,Dewasa_Muda,Sangat_Mahal,Miss,Tinggi,69.3
0,3,female,2.0,3,2,27.9,S,6,0,Anak,Mahal,Miss,Tinggi,4.6499999999999995
1,3,male,28.0,0,0,56.4958,S,1,1,Dewasa_Muda,Sangat_Mahal,Mr,Rendah,56.4958
1,3,female,0.75,2,1,19.2583,C,4,0,Anak,Mahal,Miss,Tinggi,4.814575
1,1,male,48.0,1,0,76.7292,C,2,0,Dewasa,Sangat_Mahal,Mr,Rendah,38.3646
0,3,male,19.0,0,0,7.8958,S,1,1,Dewasa_Muda,Murah,Mr,Rendah,7.8958
1,1,male,56.0,0,0,35.5,C,1,1,Dewasa,Sangat_Mahal,Lainnya,Rendah,35.5
0,3,male,28.0,0,0,7.55,S,1,1,Dewasa_Muda,Murah,Mr,Rendah,7.55
1,3,female,23.0,0,0,7.55,S,1,1,Dewasa_Muda,Murah,Miss,Sedang,7.55
0,3,male,28.0,0,0,7.8958,S,1,1,Dewasa_Muda,Murah,Mr,Rendah,7.8958
1,2,female,18.0,0,1,23.0,S,2,0,Remaja,Mahal,Miss,Sedang,11.5
0,3,male,21.0,0,0,8.4333,S,1,1,Dewasa_Muda,Menengah,Mr,Rendah,8.4333
1,3,female,28.0,0,0,7.8292,Q,1,1,Dewasa_Muda,Murah,Miss,Sedang,7.8292
0,3,female,18.0,0,0,6.75,Q,1,1,Remaja,Murah,Miss,Sedang,6.75
0,2,male,24.0,2,0,73.5,S,3,0,Dewasa_Muda,Sangat_Mahal,Mr,Rendah,24.5
0,3,male,28.0,0,0,7.8958,S,1,1,Dewasa_Muda,Murah,Mr,Rendah,7.8958
0,3,female,32.0,1,1,15.5,Q,3,0,Dewasa_Muda,Mahal,Mrs,Sedang,5.166666666666667
0,2,male,23.0,0,0,13.0,S,1,1,Dewasa_Muda,Menengah,Mr,Rendah,13.0
0,1,male,58.0,0,2,113.275,C,3,0,Dewasa,Sangat_Mahal,Mr,Rendah,37.75833333333333
1,1,male,50.0,2,0,133.65,S,3,0,Dewasa,Sangat_Mahal,Lainnya,Rendah,44.550000000000004
0,3,male,40.0,0,0,7.225,C,1,1,Dewasa,Murah,Mr,Rendah,7.225
0,1,male,47.0,0,0,25.5875,S,1,1,Dewasa,Mahal,Mr,Rendah,25.5875
0,3,male,36.0,0,0,7.4958,S,1,1,Dewasa,Murah,Mr,Rendah,7.4958
1,3,male,20.0,1,0,7.925,S,2,0,Dewasa_Muda,Menengah,Mr,Rendah,3.9625
0,2,male,32.0,2,0,73.5,S,3,0,Dewasa_Muda,Sangat_Mahal,Mr,Rendah,24.5
0,2,male,25.0,0,0,13.0,S,1,1,Dewasa_Muda,Menengah,Mr,Rendah,13.0
0,3,male,28.0,0,0,7.775,S,1,1,Dewasa_Muda,Murah,Mr,Rendah,7.775
0,3,male,43.0,0,0,8.05,S,1,1,Dewasa,Menengah,Mr,Rendah,8.05
1,1,female,28.0,1,0,52.0,S,2,0,Dewasa_Muda,Sangat_Mahal,Mrs,Tinggi,26.0
1,2,female,40.0,1,1,39.0,S,3,0,Dewasa,Sangat_Mahal,Mrs,Sedang,13.0
0,1,male,31.0,1,0,52.0,S,2,0,Dewasa_Muda,Sangat_Mahal,Mr,Rendah,26.0
0,2,male,70.0,0,0,10.5,S,1,1,Lansia,Menengah,Mr,Rendah,10.5
1,2,male,31.0,0,0,13.0,S,1,1,Dewasa_Muda,Menengah,Mr,Rendah,13.0
0,2,male,28.0,0,0,0.0,S,1,1,Dewasa_Muda,Murah,Mr,Rendah,0.0
0,3,male,18.0,0,0,7.775,S,1,1,Remaja,Murah,Mr,Rendah,7.775
0,3,male,24.5,0,0,8.05,S,1,1,Dewasa_Muda,Menengah,Mr,Rendah,8.05
1,3,female,18.0,0,0,9.8417,S,1,1,Remaja,Menengah,Miss,Sedang,9.8417
0,3,female,43.0,1,6,46.9,S,8,0,Dewasa,Sangat_Mahal,Mrs,Sedang,5.8625
1,1,male,36.0,0,1,512.3292,C,2,0,Dewasa,Sangat_Mahal,Mr,Rendah,256.1646
0,3,female,28.0,0,0,8.1375,Q,1,1,Dewasa_Muda,Menengah,Miss,Sedang,8.1375
1,1,male,27.0,0,0,76.7292,C,1,1,Dewasa_Muda,Sangat_Mahal,Mr,Rendah,76.7292
0,3,male,20.0,0,0,9.225,S,1,1,Dewasa_Muda,Menengah,Mr,Rendah,9.225
0,3,male,14.0,5,2,46.9,S,8,0,Remaja,Sangat_Mahal,Mr,Rendah,5.8625
0,2,male,60.0,1,1,39.0,S,3,0,Dewasa,Sangat_Mahal,Mr,Rendah,13.0
0,2,male,25.0,1,2,41.5792,C,4,0,Dewasa_Muda,Sangat_Mahal,Mr,Rendah,10.3948
0,3,male,14.0,4,1,39.6875,S,6,0,Remaja,Sangat_Mahal,Mr,Rendah,6.614583333333333
0,3,male,19.0,0,0,10.1708,S,1,1,Dewasa_Muda,Menengah,Mr,Rendah,10.1708
0,3,male,18.0,0,0,7.7958,S,1,1,Remaja,Murah,Mr,Rendah,7.7958
1,1,female,15.0,0,1,211.3375,S,2,0,Remaja,Sangat_Mahal,Miss,Tinggi,105.66875
1,1,male,31.0,1,0,57.0,S,2,0,Dewasa_Muda,Sangat_Mahal,Mr,Rendah,28.5
1,3,female,4.0,0,1,13.4167,C,2,0,Anak,Menengah,Miss,Tinggi,6.70835
1,3,male,28.0,0,0,56.4958,S,1,1,Dewasa_Muda,Sangat_Mahal,Mr,Rendah,56.4958
0,3,male,25.0,0,0,7.225,C,1,1,Dewasa_Muda,Murah,Mr,Rendah,7.225
0,1,male,60.0,0,0,26.55,S,1,1,Dewasa,Mahal,Lainnya,Rendah,26.55
0,2,male,52.0,0,0,13.5,S,1,1,Dewasa,Menengah,Mr,Rendah,13.5
0,3,male,44.0,0,0,8.05,S,1,1,Dewasa,Menengah,Mr,Rendah,8.05
1,3,female,28.0,0,0,7.7333,Q,1,1,Dewasa_Muda,Murah,Miss,Sedang,7.7333
0,1,male,49.0,1,1,110.8833,C,3,0,Dewasa,Sangat_Mahal,Mr,Rendah,36.9611
0,3,male,42.0,0,0,7.65,S,1,1,Dewasa,Murah,Mr,Rendah,7.65
1,1,female,18.0,1,0,227.525,C,2,0,Remaja,Sangat_Mahal,Mrs,Tinggi,113.7625
1,1,male,35.0,0,0,26.2875,S,1,1,Dewasa_Muda,Mahal,Mr,Rendah,26.2875
0,3,female,18.0,0,1,14.4542,C,2,0,Remaja,Mahal,Miss,Sedang,7.2271
0,3,male,25.0,0,0,7.7417,Q,1,1,Dewasa_Muda,Murah,Mr,Rendah,7.7417
0,3,male,26.0,1,0,7.8542,S,2,0,Dewasa_Muda,Murah,Mr,Rendah,3.9271
0,2,male,39.0,0,0,26.0,S,1,1,Dewasa,Mahal,Mr,Rendah,26.0
1,2,female,45.0,0,0,13.5,S,1,1,Dewasa,Menengah,Mrs,Sedang,13.5
1,1,male,42.0,0,0,26.2875,S,1,1,Dewasa,Mahal,Mr,Rendah,26.2875
1,1,female,22.0,0,0,151.55,S,1,1,Dewasa_Muda,Sangat_Mahal,Miss,Tinggi,151.55
1,3,male,28.0,1,1,15.2458,C,3,0,Dewasa_Muda,Mahal,Master,Rendah,5.081933333333333
1,1,female,24.0,0,0,49.5042,C,1,1,Dewasa_Muda,Sangat_Mahal,Miss,Tinggi,49.5042
0,1,male,28.0,0,0,26.55,S,1,1,Dewasa_Muda,Mahal,Mr,Rendah,26.55
1,1,male,48.0,1,0,52.0,S,2,0,Dewasa,Sangat_Mahal,Mr,Rendah,26.0
0,3,male,29.0,0,0,9.4833,S,1,1,Dewasa_Muda,Menengah,Mr,Rendah,9.4833
0,2,male,52.0,0,0,13.0,S,1,1,Dewasa,Menengah,Mr,Rendah,13.0
0,3,male,19.0,0,0,7.65,S,1,1,Dewasa_Muda,Murah,Mr,Rendah,7.65
1,1,female,38.0,0,0,227.525,C,1,1,Dewasa,Sangat_Mahal,Miss,Tinggi,227.525
1,2,female,27.0,0,0,10.5,S,1,1,Dewasa_Muda,Menengah,Miss,Sedang,10.5
0,3,male,28.0,0,0,15.5,Q,1,1,Dewasa_Muda,Mahal,Mr,Rendah,15.5
0,3,male,33.0,0,0,7.775,S,1,1,Dewasa_Muda,Murah,Mr,Rendah,7.775
1,2,female,6.0,0,1,33.0,S,2,0,Anak,Sangat_Mahal,Miss,Tinggi,16.5
0,3,male,17.0,1,0,7.0542,S,2,0,Remaja,Murah,Mr,Rendah,3.5271
0,2,male,34.0,0,0,13.0,S,1,1,Dewasa_Muda,Menengah,Mr,Rendah,13.0
0,2,male,50.0,0,0,13.0,S,1,1,Dewasa,Menengah,Mr,Rendah,13.0
1,1,male,27.0,1,0,53.1,S,2,0,Dewasa_Muda,Sangat_Mahal,Mr,Rendah,26.55
0,3,male,20.0,0,0,8.6625,S,1,1,Dewasa_Muda,Menengah,Mr,Rendah,8.6625
1,2,female,30.0,3,0,21.0,S,4,0,Dewasa_Muda,Mahal,Mrs,Sedang,5.25
1,3,female,28.0,0,0,7.7375,Q,1,1,Dewasa_Muda,Murah,Miss,Sedang,7.7375
0,2,male,25.0,1,0,26.0,S,2,0,Dewasa_Muda,Mahal,Mr,Rendah,13.0
0,3,female,25.0,1,0,7.925,S,2,0,Dewasa_Muda,Menengah,Miss,Sedang,3.9625
1,1,female,29.0,0,0,211.3375,S,1,1,Dewasa_Muda,Sangat_Mahal,Miss,Tinggi,211.3375
0,3,male,11.0,0,0,18.7875,C,1,1,Anak,Mahal,Mr,Sedang,18.7875
0,2,male,28.0,0,0,0.0,S,1,1,Dewasa_Muda,Murah,Mr,Rendah,0.0
0,2,male,23.0,0,0,13.0,S,1,1,Dewasa_Muda,Menengah,Mr,Rendah,13.0
0,2,male,23.0,0,0,13.0,S,1,1,Dewasa_Muda,Menengah,Mr,Rendah,13.0
0,3,male,28.5,0,0,16.1,S,1,1,Dewasa_Muda,Mahal,Mr,Rendah,16.1
0,3,female,48.0,1,3,34.375,S,5,0,Dewasa,Sangat_Mahal,Mrs,Sedang,6.875
1,1,male,35.0,0,0,512.3292,C,1,1,Dewasa_Muda,Sangat_Mahal,Mr,Rendah,512.3292
0,3,male,28.0,0,0,7.8958,S,1,1,Dewasa_Muda,Murah,Mr,Rendah,7.8958
0,3,male,28.0,0,0,7.8958,S,1,1,Dewasa_Muda,Murah,Mr,Rendah,7.8958
1,1,male,28.0,0,0,30.0,S,1,1,Dewasa_Muda,Mahal,Mr,Rendah,30.0
0,1,male,36.0,1,0,78.85,S,2,0,Dewasa,Sangat_Mahal,Mr,Rendah,39.425
1,1,female,21.0,2,2,262.375,C,5,0,Dewasa_Muda,Sangat_Mahal,Miss,Tinggi,52.475
0,3,male,24.0,1,0,16.1,S,2,0,Dewasa_Muda,Mahal,Mr,Rendah,8.05
1,3,male,31.0,0,0,7.925,S,1,1,Dewasa_Muda,Menengah,Mr,Rendah,7.925
0,1,male,70.0,1,1,71.0,S,3,0,Lansia,Sangat_Mahal,Lainnya,Rendah,23.666666666666668
0,3,male,16.0,1,1,20.25,S,3,0,Remaja,Mahal,Mr,Rendah,6.75
1,2,female,30.0,0,0,13.0,S,1,1,Dewasa_Muda,Menengah,Miss,Sedang,13.0
0,1,male,19.0,1,0,53.1,S,2,0,Dewasa_Muda,Sangat_Mahal,Mr,Rendah,26.55
0,3,male,31.0,0,0,7.75,Q,1,1,Dewasa_Muda,Murah,Mr,Rendah,7.75
1,2,female,4.0,1,1,23.0,S,3,0,Anak,Mahal,Miss,Tinggi,7.666666666666667
1,3,male,6.0,0,1,12.475,S,2,0,Anak,Menengah,Master,Sedang,6.2375
0,3,male,33.0,0,0,9.5,S,1,1,Dewasa_Muda,Menengah,Mr,Rendah,9.5
0,3,male,23.0,0,0,7.8958,S,1,1,Dewasa_Muda,Murah,Mr,Rendah,7.8958
1,2,female,48.0,1,2,65.0,S,4,0,Dewasa,Sangat_Mahal,Mrs,Sedang,16.25
1,2,male,0.67,1,1,14.5,S,3,0,Anak,Mahal,Master,Sedang,4.833333333333333
0,3,male,28.0,0,0,7.7958,S,1,1,Dewasa_Muda,Murah,Mr,Rendah,7.7958
0,2,male,18.0,0,0,11.5,S,1,1,Remaja,Menengah,Mr,Rendah,11.5
0,3,male,34.0,0,0,8.05,S,1,1,Dewasa_Muda,Menengah,Mr,Rendah,8.05
1,1,female,33.0,0,0,86.5,S,1,1,Dewasa_Muda,Sangat_Mahal,Lainnya,Tinggi,86.5
0,3,male,28.0,0,0,14.5,S,1,1,Dewasa_Muda,Mahal,Mr,Rendah,14.5
0,3,male,41.0,0,0,7.125,S,1,1,Dewasa,Murah,Mr,Rendah,7.125
1,3,male,20.0,0,0,7.2292,C,1,1,Dewasa_Muda,Murah,Mr,Rendah,7.2292
1,1,female,36.0,1,2,120.0,S,4,0,Dewasa,Sangat_Mahal,Mrs,Tinggi,30.0
0,3,male,16.0,0,0,7.775,S,1,1,Remaja,Murah,Mr,Rendah,7.775
1,1,female,51.0,1,0,77.9583,S,2,0,Dewasa,Sangat_Mahal,Mrs,Tinggi,38.97915
0,1,male,28.0,0,0,39.6,C,1,1,Dewasa_Muda,Sangat_Mahal,Lainnya,Rendah,39.6
0,3,female,30.5,0,0,7.75,Q,1,1,Dewasa_Muda,Murah,Miss,Sedang,7.75
0,3,male,28.0,1,0,24.15,Q,2,0,Dewasa_Muda,Mahal,Mr,Rendah,12.075
0,3,male,32.0,0,0,8.3625,S,1,1,Dewasa_Muda,Menengah,Mr,Rendah,8.3625
0,3,male,24.0,0,0,9.5,S,1,1,Dewasa_Muda,Menengah,Mr,Rendah,9.5
0,3,male,48.0,0,0,7.8542,S,1,1,Dewasa,Murah,Mr,Rendah,7.8542
0,2,female,57.0,0,0,10.5,S,1,1,Dewasa,Menengah,Mrs,Sedang,10.5
0,3,male,28.0,0,0,7.225,C,1,1,Dewasa_Muda,Murah,Mr,Rendah,7.225
1,2,female,54.0,1,3,23.0,S,5,0,Dewasa,Mahal,Mrs,Sedang,4.6
0,3,male,18.0,0,0,7.75,S,1,1,Remaja,Murah,Mr,Rendah,7.75
0,3,male,28.0,0,0,7.75,Q,1,1,Dewasa_Muda,Murah,Mr,Rendah,7.75
1,3,female,5.0,0,0,12.475,S,1,1,Anak,Menengah,Miss,Tinggi,12.475
0,3,male,28.0,0,0,7.7375,Q,1,1,Dewasa_Muda,Murah,Mr,Rendah,7.7375
1,1,female,43.0,0,1,211.3375,S,2,0,Dewasa,Sangat_Mahal,Mrs,Tinggi,105.66875
1,3,female,13.0,0,0,7.2292,C,1,1,Remaja,Murah,Miss,Sedang,7.2292
1,1,female,17.0,1,0,57.0,S,2,0,Remaja,Sangat_Mahal,Mrs,Tinggi,28.5
0,1,male,29.0,0,0,30.0,S,1,1,Dewasa_Muda,Mahal,Mr,Rendah,30.0
0,3,male,28.0,1,2,23.45,S,4,0,Dewasa_Muda,Mahal,Mr,Rendah,5.8625
0,3,male,25.0,0,0,7.05,S,1,1,Dewasa_Muda,Murah,Mr,Rendah,7.05
0,3,male,25.0,0,0,7.25,S,1,1,Dewasa_Muda,Murah,Mr,Rendah,7.25
1,3,female,18.0,0,0,7.4958,S,1,1,Remaja,Murah,Miss,Sedang,7.4958
0,3,male,8.0,4,1,29.125,Q,6,0,Anak,Mahal,Master,Sedang,4.854166666666667
1,3,male,1.0,1,2,20.575,S,4,0,Anak,Mahal,Master,Sedang,5.14375
0,1,male,46.0,0,0,79.2,C,1,1,Dewasa,Sangat_Mahal,Mr,Rendah,79.2
0,3,male,28.0,0,0,7.75,Q,1,1,Dewasa_Muda,Murah,Mr,Rendah,7.75
0,2,male,16.0,0,0,26.0,S,1,1,Remaja,Mahal,Mr,Rendah,26.0
0,3,female,28.0,8,2,69.55,S,11,0,Dewasa_Muda,Sangat_Mahal,Miss,Sedang,6.322727272727272
0,1,male,28.0,0,0,30.6958,C,1,1,Dewasa_Muda,Mahal,Mr,Rendah,30.6958
0,3,male,25.0,0,0,7.8958,S,1,1,Dewasa_Muda,Murah,Mr,Rendah,7.8958
0,2,male,39.0,0,0,13.0,S,1,1,Dewasa,Menengah,Mr,Rendah,13.0
1,1,female,49.0,0,0,25.9292,S,1,1,Dewasa,Mahal,Lainnya,Tinggi,25.9292
1,3,female,31.0,0,0,8.6833,S,1,1,Dewasa_Muda,Menengah,Mrs,Sedang,8.6833
0,3,male,30.0,0,0,7.2292,C,1,1,Dewasa_Muda,Murah,Mr,Rendah,7.2292
0,3,female,30.0,1,1,24.15,S,3,0,Dewasa_Muda,Mahal,Mrs,Sedang,8.049999999999999
0,2,male,34.0,0,0,13.0,S,1,1,Dewasa_Muda,Menengah,Mr,Rendah,13.0
1,2,female,31.0,1,1,26.25,S,3,0,Dewasa_Muda,Mahal,Mrs,Sedang,8.75
1,1,male,11.0,1,2,120.0,S,4,0,Anak,Sangat_Mahal,Master,Tinggi,30.0
1,3,male,0.42,0,1,8.5167,C,2,0,Anak,Menengah,Master,Sedang,4.25835
1,3,male,27.0,0,0,6.975,S,1,1,Dewasa_Muda,Murah,Mr,Rendah,6.975
0,3,male,31.0,0,0,7.775,S,1,1,Dewasa_Muda,Murah,Mr,Rendah,7.775
0,1,male,39.0,0,0,0.0,S,1,1,Dewasa,Murah,Mr,Rendah,0.0
0,3,female,18.0,0,0,7.775,S,1,1,Remaja,Murah,Miss,Sedang,7.775
0,2,male,39.0,0,0,13.0,S,1,1,Dewasa,Menengah,Mr,Rendah,13.0
1,1,female,33.0,1,0,53.1,S,2,0,Dewasa_Muda,Sangat_Mahal,Mrs,Tinggi,26.55
0,3,male,26.0,0,0,7.8875,S,1,1,Dewasa_Muda,Murah,Mr,Rendah,7.8875
0,3,male,39.0,0,0,24.15,S,1,1,Dewasa,Mahal,Mr,Rendah,24.15
0,2,male,35.0,0,0,10.5,S,1,1,Dewasa_Muda,Menengah,Mr,Rendah,10.5
0,3,female,6.0,4,2,31.275,S,7,0,Anak,Sangat_Mahal,Miss,Tinggi,4.4678571428571425
0,3,male,30.5,0,0,8.05,S,1,1,Dewasa_Muda,Menengah,Mr,Rendah,8.05
0,1,male,28.0,0,0,0.0,S,1,1,Dewasa_Muda,Murah,Mr,Rendah,0.0
0,3,female,23.0,0,0,7.925,S,1,1,Dewasa_Muda,Menengah,Miss,Sedang,7.925
0,2,male,31.0,1,1,37.0042,C,3,0,Dewasa_Muda,Sangat_Mahal,Mr,Rendah,12.334733333333332
0,3,male,43.0,0,0,6.45,S,1,1,Dewasa,Murah,Mr,Rendah,6.45
0,3,male,10.0,3,2,27.9,S,6,0,Anak,Mahal,Master,Sedang,4.6499999999999995
1,1,female,52.0,1,1,93.5,S,3,0,Dewasa,Sangat_Mahal,Mrs,Tinggi,31.166666666666668
1,3,male,27.0,0,0,8.6625,S,1,1,Dewasa_Muda,Menengah,Mr,Rendah,8.6625
0,1,male,38.0,0,0,0.0,S,1,1,Dewasa,Murah,Lainnya,Rendah,0.0
1,3,female,27.0,0,1,12.475,S,2,0,Dewasa_Muda,Menengah,Mrs,Sedang,6.2375
0,3,male,2.0,4,1,39.6875,S,6,0,Anak,Sangat_Mahal,Master,Sedang,6.614583333333333
0,3,male,28.0,0,0,6.95,Q,1,1,Dewasa_Muda,Murah,Mr,Rendah,6.95
0,3,male,28.0,0,0,56.4958,S,1,1,Dewasa_Muda,Sangat_Mahal,Mr,Rendah,56.4958
1,2,male,1.0,0,2,37.0042,C,3,0,Anak,Sangat_Mahal,Master,Sedang,12.334733333333332
1,3,male,28.0,0,0,7.75,Q,1,1,Dewasa_Muda,Murah,Mr,Rendah,7.75
1,1,female,62.0,0,0,80.0,S,1,1,Lansia,Sangat_Mahal,Mrs,Tinggi,80.0
1,3,female,15.0,1,0,14.4542,C,2,0,Remaja,Mahal,Mrs,Sedang,7.2271
1,2,male,0.83,1,1,18.75,S,3,0,Anak,Mahal,Master,Sedang,6.25
0,3,male,28.0,0,0,7.2292,C,1,1,Dewasa_Muda,Murah,Mr,Rendah,7.2292
0,3,male,23.0,0,0,7.8542,S,1,1,Dewasa_Muda,Murah,Mr,Rendah,7.8542
0,3,male,18.0,0,0,8.3,S,1,1,Remaja,Menengah,Mr,Rendah,8.3
1,1,female,39.0,1,1,83.1583,C,3,0,Dewasa,Sangat_Mahal,Miss,Tinggi,27.71943333333333
0,3,male,21.0,0,0,8.6625,S,1,1,Dewasa_Muda,Menengah,Mr,Rendah,8.6625
0,3,male,28.0,0,0,8.05,S,1,1,Dewasa_Muda,Menengah,Mr,Rendah,8.05
1,3,male,32.0,0,0,56.4958,S,1,1,Dewasa_Muda,Sangat_Mahal,Mr,Rendah,56.4958
1,1,male,28.0,0,0,29.7,C,1,1,Dewasa_Muda,Mahal,Mr,Rendah,29.7
0,3,male,20.0,0,0,7.925,S,1,1,Dewasa_Muda,Menengah,Mr,Rendah,7.925
0,2,male,16.0,0,0,10.5,S,1,1,Remaja,Menengah,Mr,Rendah,10.5
1,1,female,30.0,0,0,31.0,C,1,1,Dewasa_Muda,Mahal,Miss,Tinggi,31.0
0,3,male,34.5,0,0,6.4375,C,1,1,Dewasa_Muda,Murah,Mr,Rendah,6.4375
0,3,male,17.0,0,0,8.6625,S,1,1,Remaja,Menengah,Mr,Rendah,8.6625
0,3,male,42.0,0,0,7.55,S,1,1,Dewasa,Murah,Mr,Rendah,7.55
0,3,male,28.0,8,2,69.55,S,11,0,Dewasa_Muda,Sangat_Mahal,Mr,Rendah,6.322727272727272
0,3,male,35.0,0,0,7.8958,C,1,1,Dewasa_Muda,Murah,Mr,Rendah,7.8958
0,2,male,28.0,0,1,33.0,S,2,0,Dewasa_Muda,Sangat_Mahal,Lainnya,Rendah,16.5
1,1,female,28.0,1,0,89.1042,C,2,0,Dewasa_Muda,Sangat_Mahal,Mrs,Tinggi,44.5521
0,3,male,4.0,4,2,31.275,S,7,0,Anak,Sangat_Mahal,Master,Sedang,4.4678571428571425
0,3,male,74.0,0,0,7.775,S,1,1,Lansia,Murah,Mr,Rendah,7.775
0,3,female,9.0,1,1,15.2458,C,3,0,Anak,Mahal,Miss,Tinggi,5.081933333333333
1,1,female,16.0,0,1,39.4,S,2,0,Remaja,Sangat_Mahal,Miss,Tinggi,19.7
0,2,female,44.0,1,0,26.0,S,2,0,Dewasa,Mahal,Mrs,Sedang,13.0
1,3,female,18.0,0,1,9.35,S,2,0,Remaja,Menengah,Mrs,Sedang,4.675
1,1,female,45.0,1,1,164.8667,S,3,0,Dewasa,Sangat_Mahal,Mrs,Tinggi,54.95556666666667
1,1,male,51.0,0,0,26.55,S,1,1,Dewasa,Mahal,Mr,Rendah,26.55
1,3,female,24.0,0,3,19.2583,C,4,0,Dewasa_Muda,Mahal,Mrs,Sedang,4.814575
0,3,male,28.0,0,0,7.2292,C,1,1,Dewasa_Muda,Murah,Mr,Rendah,7.2292
0,3,male,41.0,2,0,14.1083,S,3,0,Dewasa,Menengah,Mr,Rendah,4.702766666666666
0,2,male,21.0,1,0,11.5,S,2,0,Dewasa_Muda,Menengah,Mr,Rendah,5.75
1,1,female,48.0,0,0,25.9292,S,1,1,Dewasa,Mahal,Mrs,Tinggi,25.9292
0,3,female,28.0,8,2,69.55,S,11,0,Dewasa_Muda,Sangat_Mahal,Miss,Sedang,6.322727272727272
0,2,male,24.0,0,0,13.0,S,1,1,Dewasa_Muda,Menengah,Mr,Rendah,13.0
1,2,female,42.0,0,0,13.0,S,1,1,Dewasa,Menengah,Mrs,Sedang,13.0
1,2,female,27.0,1,0,13.8583,C,2,0,Dewasa_Muda,Menengah,Miss,Sedang,6.92915
0,1,male,31.0,0,0,50.4958,S,1,1,Dewasa_Muda,Sangat_Mahal,Mr,Rendah,50.4958
0,3,male,28.0,0,0,9.5,S,1,1,Dewasa_Muda,Menengah,Mr,Rendah,9.5
1,3,male,4.0,1,1,11.1333,S,3,0,Anak,Menengah,Master,Sedang,3.7111
0,3,male,26.0,0,0,7.8958,S,1,1,Dewasa_Muda,Murah,Mr,Rendah,7.8958
1,1,female,47.0,1,1,52.5542,S,3,0,Dewasa,Sangat_Mahal,Mrs,Tinggi,17.518066666666666
0,1,male,33.0,0,0,5.0,S,1,1,Dewasa_Muda,Murah,Mr,Rendah,5.0
0,3,male,47.0,0,0,9.0,S,1,1,Dewasa,Menengah,Mr,Rendah,9.0
1,2,female,28.0,1,0,24.0,C,2,0,Dewasa_Muda,Mahal,Mrs,Sedang,12.0
1,3,female,15.0,0,0,7.225,C,1,1,Remaja,Murah,Miss,Sedang,7.225
0,3,male,20.0,0,0,9.8458,S,1,1,Dewasa_Muda,Menengah,Mr,Rendah,9.8458
0,3,male,19.0,0,0,7.8958,S,1,1,Dewasa_Muda,Murah,Mr,Rendah,7.8958
0,3,male,28.0,0,0,7.8958,S,1,1,Dewasa_Muda,Murah,Mr,Rendah,7.8958
1,1,female,56.0,0,1,83.1583,C,2,0,Dewasa,Sangat_Mahal,Mrs,Tinggi,41.57915
1,2,female,25.0,0,1,26.0,S,2,0,Dewasa_Muda,Mahal,Mrs,Sedang,13.0
0,3,male,33.0,0,0,7.8958,S,1,1,Dewasa_Muda,Murah,Mr,Rendah,7.8958
0,3,female,22.0,0,0,10.5167,S,1,1,Dewasa_Muda,Menengah,Miss,Sedang,10.5167
0,2,male,28.0,0,0,10.5,S,1,1,Dewasa_Muda,Menengah,Mr,Rendah,10.5
0,3,male,25.0,0,0,7.05,S,1,1,Dewasa_Muda,Murah,Mr,Rendah,7.05
0,3,female,39.0,0,5,29.125,Q,6,0,Dewasa,Mahal,Mrs,Sedang,4.854166666666667
0,2,male,27.0,0,0,13.0,S,1,1,Dewasa_Muda,Menengah,Lainnya,Rendah,13.0
1,1,female,19.0,0,0,30.0,S,1,1,Dewasa_Muda,Mahal,Miss,Tinggi,30.0
0,3,female,28.0,1,2,23.45,S,4,0,Dewasa_Muda,Mahal,Miss,Sedang,5.8625
1,1,male,26.0,0,0,30.0,C,1,1,Dewasa_Muda,Mahal,Mr,Rendah,30.0
0,3,male,32.0,0,0,7.75,Q,1,1,Dewasa_Muda,Murah,Mr,Rendah,7.75
